type,breed_name,full_text,source_url
cat,อะบิสซิเนียน,อะบิสซิเนียเป็นแมวขนาดกลาง รูปร่างสง่า มีลำตัวเพรียวและขาเรียวยาวแข็งแรง หัวทรงกลม ปลายจมูกเรียวแหลม มีกระจุกขนโดดเด่นบริเวณปลายหู ดวงตากลมหางตาชี้ เนื่องจากแมวพันธุ์นี้ขนสั้นและเรียงชิดติดกัน จึงมีลวดลายเฉียบคมเป็นเอกลักษณ์ซึ่งเกิดจากแถบสีของเส้นขน สีที่พบได้บ่อยคือสีส้ม แต่ก็มีสีอื่นๆ ด้วย แมวอะบิสซีเนียนมีนิสัยรักสงบ ฉลาดและขี้สงสัย ว่ากันว่าเป็นแมวที่ชอบคนและติดฝูง ชอบทำกิจกรรมอยู่ในที่กว้าง เป็นนักปีนป่ายชั้นเลิศ และชอบสวนที่มีต้นไม้ให้ปีนเล่น แต่ถึงแมวพันธ์ุนี้จะขี้เล่น แต่บางทีก็อารมณ์เสียง่าย เพราะฉะนั้นอย่าได้เผลอ ถิ่นกำเนิด: อะบิสซีเนีย (เอธิโอเปีย) แมวพันธุ์อะบิสซิเนียนมีรูปลักษณ์ใกล้เคียงแมวป่าแอฟริกันซึ่งเป็นบรรพบุรุษของแมวบ้าน แต่ประวัติความเป็นมาของแมวพันธุ์นี้ในสหราชอาณาจักรยังคงคลุมเครือ เชื่อกันว่าทหารที่เดินทางกลับจากอะบิสซีเนีย (ปัจจุบันคือประเทศเอธิโอเปีย) ได้นำแมวพันธุ์อะบิสซิเนียนกลับมาด้วยในช่วงทศวรรษที่ 1860 ในช่วงแรกมีการผสมแมวอะบิสซิเนียนกับแมวพันธุ์บริติช ช๊อตแฮร์ (British Shorthairs) ก่อนนำไปผสมพันธุ์กับแมวเอเชียในภายหลัง จนเกิดเป็นลูกแมวอะบิสซิเนียนพันธุ์ขนยาว ซึ่งต่อมาในปี 1970 ก็มีการบันทึกสายพันธ์ุแยกนี้เป็น แมวพันธุ์โซมาลี (Somali) แมวทุกตัวมีเอกลักษณ์เฉพาะตัว เมื่อพูดถึงอาหารแต่ละตัวจะมีความชอบ ไม่ชอบ และความต้องการแตกต่างกัน แมวเป็นสัตว์กินเนื้อและต้องได้รับสารอาหารต่าง ๆ ที่ครบถ้วน 41 ชนิดจากอาหารที่กินเข้าไป สัดส่วนของสารอาหารเหล่านี้แตกต่างกันไปตามอายุ วิถีชีวิต และสุขภาพโดยรวม จึงไม่ต้องแปลกใจไปหากลูกแมวที่กำลังโตและพลังล้นเหลือจะต้องการสารอาหารที่ต่างจากแมวสูงวัยที่ไม่ชอบขยับตัวไปไหน อีกข้อหนึ่งที่ต้องระลึกให้ขึ้นใจคือ ควรให้อาหารในปริมาณที่พอเหมาะ เพื่อรักษา “รูปร่างให้สมส่วน” ตามคำแนะนำของสายพันธุ์ และจัดอาหารสูตรเปียกหรือสูตรแห้งให้ตามที่แมวชอบ แมวพันธุ์อะบิสซีเนียนมีโรคประจำสายพันธ์ุ คือ โรคขาดเอ็นไซม์ไปรูเวทไคเนส (pyruvate kinase deficiency) ทำให้เลือดจาง ปัจจุบันสามารถตรวจหาอาการนี้ได้ ผู้ที่อยากเลี้ยงแมวพันธุ์นี้ควรซักถามฟาร์มเพาะพันธุ์ให้แน่ใจว่า แมวได้ผ่านตรวจสุขภาพและปราศจากอาการดังกล่าว ส่วนปัญหาเกี่ยวกับจอประสาทตาเสื่อม (progressive retinal atrophy) ที่จะทำให้ตาค่อย ๆ บอดก็พบได้ในบางประเทศ จึงควรถามฟาร์มให้แน่ชัดก่อนเช่นกัน แม้ว่าแมวพันธ์ุนี้จะเข้ากันได้ดีกับเด็ก แต่ก็อย่าลืมว่าแมวแต่ละตัวก็มีลักษณะนิสัยต่างกันขึ้นอยู่กับการสอนและประสบการณ์ชีวิต ถ้าต้องการรับเลี้ยง ควรปรึกษากับองค์กรที่ขอรับเลี้ยงเพื่อเรียนรู้ลักษณะนิสัยของแมว,https://www.purina.co.th/find-a-pet/cat/breed-library/abyssinian
cat,บริติช ช็อตแฮร์ (British Shorthair),ทำความรู้จักบริติช ช็อตแฮร์ (British Shorthair) ว่ากันว่า British shorthair เป็นหนึ่งในสายพันธุ์แมวที่เก่าแก่ที่สุดของประเทศอังกฤษ ด้วยลักษณะเด่นที่มีขนหนานุ่มน่ากอด กับนิสัยเท่ๆ ถึงจะอยู่แบบเงียบๆ แต่ก็เข้ากับทุกคนได้ง่าย แถมยังเป็นมิตรอีกต่างหาก ถ้าใครกำลังมองหาเพื่อนแท้ซักตัวที่จะอยู่เคียงข้างแบบไม่กวนใจ มองมาทางนี้เลย น้องแมวบริติช ช็อตแฮร์ (British Shorthair) รอที่จะครองใจคุณอยู่ น้องแมวบริติช ช็อตแฮร์ นั้นน่ารัก เรียบร้อย และเข้ากับคนอื่นง่าย ทำให้น้องกลายเป็นแมวเลี้ยงที่ลงตัวมากสำหรับครอบครัว น้องแมวบริติช ช็อตแฮร์ ชอบที่จะเป็นรักและสนใจจากคนรอบข้าง แต่ก็ไม่ได้เรียกร้องความสนใจจนมากเกินไป น้องมักชอบเดินตามเจ้าของไปรอบๆ บ้านแล้วนั่งลงข้างๆ ไม่ว่าคุณจะทำอะไร บริติช ช็อตแฮร์ เป็นน้องแมวที่ค่อนข้างสงบเสงี่ยม ไม่ค่อยส่งเสียงดังหรือร้องเรียกในสิ่งใดใดที่ต้องการ น้องจะไม่ปีนขึ้นมานั่งบนตักขอให้คุณเกาคางให้แต่จะนั่งข้างๆ อีกอย่างคือเพียงแค่ลูบกันก็พอไม่ต้องอุ้มไปไหนมาไหนมากก็ได้ น้องแมวบริติช ช็อตแฮร์ เป็นแมวที่ต้องการกิจกรรมและออกกำลังกายในระดับปานกลาง แน่นอนว่าตอนยังเป็นเด็กน้องๆ จะมีพลังงานสูงมาก แต่ก็จะสงบลงเมื่อเริ่มโตเป็นผู้ใหญ่ แมวบริติช ช็อตแฮร์ ที่โตแล้วส่วนใหญ่เลือกที่จะนอนกลิ้งบนโซฟามากกว่าออกไปเล่นข้างนอก แต่ก็มีน้องแมวบางตัว (ส่วนใหญ่จะเป็นตัวผู้) ที่ยังชอบทำตัวโก๊ะเหมือนเด็กน้อยอยู่ แมวบริติช ช็อตแฮร์ ไม่ค่อยมีชื่อเสียงในเรื่องของการทำลายข้างของและเฟอร์นิเจอร์ น้องๆ มักทำตัวเหมือนเป็นผู้ที่ได้รับการอบรมมารยาทมาอย่างดีแล้ว และพร้อมที่จะต้อนรับแขกที่มาบ้านด้วยความสุภาพอ่อนโยนแต่มั่นใจสมกับเป็นผู้ดีอังกฤษ ประวัติและความเป็นมาของแมวบริติช ช็อตแฮร์ หลายคนอาจไม่เคยสังเกต แต่คุณอาจจะเติบโตมากับแมวบริติช ช็อตแฮร์ ก็เป็นได้ น้องแมวสายพันธุ์นี้ว่ากันว่าเป็นหนึ่งในสายพันธุ์ที่เก่าแก่ที่สุดของยุโรป แมวบริติช ช็อตแฮร์ ปรากฎอยู่ในนิทานและเรื่องเล่าของประเทศอังกฤษและยุโรปในหลายเรื่อง ไม่ว่าจะเป็นเจ้าเหมียวแสนฉลาด Puss in Boots หรือเจ้าแมวยิ้มกว้าง Cheshire ใน Alice in Wonderland ต้นกำเนิดของแมวสายพันธุ์บริติช ช็อตแฮร์ (British Shorthair) นี้ เชื่อกันว่ามาจากชาวโรมันโบราณที่ได้บุกมายึดครองประเทศอังกฤษและได้นำแมวบ้านสายพันธุ์อียิปต์มาเลี้ยง และเมื่อแมวเหล่านี้ผสมกับแมวป่าสายพันธุ์ยุโรปทั่วไปก็ทำให้ถือกำเนิดสายพันธุ์บริติช ช็อตแฮร์ ด้วยการเพิ่มขึ้นของความนิยมในการเลี้ยงแมวในเกรทบริเตนช่วงยุควิคตอเรีย เหล่าผู้คลั่งไคล้แมวได้พยายามทำการปรับปรุงและสร้างมาตรฐานสายพันธุ์ให้กับแมวบริติช ช็อตแฮร์ ว่ากันว่าในงานแสดงโชว์แมวในช่วงแรกนั้น บริติช ช็อตแฮร์เป็นแมวเพียงสายพันธุ์เดียวที่ถือว่าเป็นพันธุ์แท้ สงครามโลกทั้งสองครั้งได้ลดจำนวนน้องแมวบริติช ช็อตแฮร์ ลงไปอย่างมาก หลังสงครามโลกครั้งที่สอง มีแมวบริติช ช็อตแฮร์ เหลืออยู่เพียงน้อยนิด แต่ต้องขอบคุณความพยายามของเหล่านักเพาะพันธุ์และผู้ที่นิยมชมชอบในแมวบริติช ช็อตแฮร์ ที่ทำให้น้องแมวสายพันธุ์นี้กลับมาได้อีกครั้ง สมาคมสายพันธุ์แมวแห่งอเมริกา (American Cat Association) ได้รู้จักแมวบริติช ช็อตแฮร์ มาตั้งแต่ปี ค.ศ. 1967 แล้วแต่ยังไม่ทำการรับรองสายพันธุ์ให้จนกระทั้งปี ค.ศ.1980 ขนาดของแมวบริติช ช็อตแฮร์ น้องแมวบริติช ช็อตแฮร์ ถือเป็นแมวขนาดกลางค่อนไปใหญ่ โดยเฉลี่ยน้ำหนักตัวอยู่ที่ 3.5 - 9 กิโลกรัม ความสูงเฉลี่ย 10-14 นิ้ว ความยาวเฉลี่ยอยูที่ 20 – 25 นิ้ว ใบหน้ากลมมีแก้มยุ้ยน่ารัก ในหูขนาดกลางค่อนข้างกลม ดวงตากลมโต รูปร่า,https://www.purina.co.th/find-a-pet/cat/breed-library/british-shorthair
cat,เอ็กซ์โซติก ช็อตแฮร์,เอ็กซ์โซติก ช็อตแฮร์ มีขนาดตัวปานกลาง รูปร่างป้อม ลักษณะหัวจะออกกลมและกว้าง หูมีขนาดเล็ก ตั้งห่างกัน ส่วนหน้าจะกลมแป้น ตาค่อนข้างกลมโตและมีสีโดดเด่นสะดุดตา ขาของแมวพันธุ์นี้สั้น ล่ำและแข็งแรง อุ้งเท้ามีลักษณะกลมและมีขนแทรกเพื่อกระจายน้ำหนักฝ่าเท้า หางสั้นและมีขนเป็นพวง ขนสั้น หนานุ่มและเงางาม มีขนชั้นในที่นุ่ม กระจุกแน่น แมวพันธุ์เอ็กซ์โซติก ช็อตแฮร์มีสีและลายขนเหมือนกับแมวเปอร์เซีย และก็มีแบบลายจุดด้วย เอ็กซ์โซติก ช็อตแฮร์ มีพื้นฐานนิสัยที่อ่อนโยนคล้ายกับพี่แมวขนยาวพันธุ์อื่น ๆ แต่ก็ไม่ได้ชอบความอึกทึกแบบเพื่อนแมวพันธุ์ขนสั้น ผู้เลี้ยงสามารปล่อยแมวพันธุ์นี้ให้อยู่บ้านตามลำพังได้เพราะใช้ชีวิตแบบเงียบ ๆ ได้ ถิ่นกำเนิด: อเมริกา/สหราชอาณาจักร จริง ๆ แล้วเอ็กซ์โซติก ช็อตแฮร์คือแมวเปอร์เซียขนสั้น ทำให้ถูกรวมไว้ในกลุ่มแมวพันธุ์ขนยาวตามงานจัดแสดงแมวต่าง ๆ ในอเมริกามีการคัดเลือกสายพันธุ์อเมริกัน ช็อตแฮร์มาผสมกับแมวเปอร์เซียขนยาวทำให้ได้แมวที่มีลักษณะคล้ายแมวเปอร์เซียเกือบทุกอย่างแต่มีขนสั้น ในสหราชอาณาจักร ก็มีการผสมพันธุ์แมวบริติช ช็อตแฮร์กับแมวเปอร์เซียเช่นเดียวกัน แมวพันธุ์นี้มีขนยาวปานกลาง ดูแลรักษาความสะอาดง่าย มีสีและลวดลายที่หลากหลาย แมวเอ็กซ์โซติก ช็อตแฮร์ปรากฏตัวครั้งแรกเมื่อทศวรรษ 1960 และได้รับความนิยมเป็นอย่างมาก แมวทุกตัวมีเอกลักษณ์เฉพาะตัว เมื่อพูดถึงอาหารแต่ละตัวจะมีความชอบ ไม่ชอบ และความต้องการแตกต่างกัน แมวเป็นสัตว์กินเนื้อและต้องได้รับสารอาหารต่าง ๆ ที่ครบถ้วน 41 ชนิดจากอาหารที่กินเข้าไป สัดส่วนของสารอาหารเหล่านี้แตกต่างกันไปตามอายุ วิถีชีวิต และสุขภาพโดยรวม จึงไม่ต้องแปลกใจไปหากลูกแมวที่กำลังโตและพลังล้นเหลือจะต้องการสารอาหารที่ต่างจากแมวสูงวัยที่ไม่ชอบขยับตัวไปไหน อีกข้อหนึ่งที่ต้องระลึกให้ขึ้นใจคือ ควรให้อาหารในปริมาณที่พอเหมาะ เพื่อรักษา “รูปร่างให้สมส่วน” ตามคำแนะนำของสายพันธุ์ และจัดอาหารสูตรเปียกหรือสูตรแห้งให้ตามที่แมวชอบ แมวสายพันธุ์เอ็กโซติก ชอร์ตแฮร์มีโรคประจำสายพันธุ์ค่อนข้างมากไม่ต่างกับสายพันธุ์ญาติสนิทอย่างแมวเปอร์เซีย เนื่องจากลักษณะหัวที่สั้นและใบหน้าที่แบน จึงอาจมีปัญหาขากรรไกรผิดรูป ซึ่งนำไปสู่โรคฟัน และจะมีปัญหาด้านการกินอาหารและดื่มน้ำได้ รูจมูกที่เล็กและเพดานอ่อนที่ยาวผิดปกติยังทำให้เกิดปัญหาด้านการหายใจ ส่วนท่อน้ำตาก็อาจทำงานไม่เป็นธรรมชาติ ทำให้แมวมีขี้ตาและหน้าแฉะอยู่เสมอ และอาจทำให้มีอาการคันตามผิวหนังและเจ็บบริเวณใบหน้าได้ นอกจากนี้ใบหน้าที่แบนโดยกำเนิดยังเพิ่มความเสี่ยงต่อโรคตาอีกด้วย แมวพันธุ์เอ็กโซติกยังมีโรคทางพันธุกรรมติดตัว ได้แก่ โรคไตวาย โรคถุงน้ำในไต หรือ autosomal dominant polycystic kidney disease เนื่องจากเกิดซีสต์ในไต จากการตรวจคัดกรองในช่วงทศวรรษ 1990 พบว่าแมวเปอร์เซียและแมวพันธุ์เอ็กซ์โซติกช็อตแฮร์ป่วยด้วยโรคนี้มากกว่า 1 ใน 3 ฟาร์มเพาะพันธุ์หลายแห่งกำลังศึกษาวิธีป้องกันปัญหาดังกล่าวโดยตรวจคัดกรองโรคแต่เนิ่น ๆ ดังนั้นก่อนซื้อก็ควรซักถามฟาร์มและขอดูใบเพ็ดดีกรีของพ่อพันธุ์แม่พันธุ์ให้แน่ใจก่อนเสมอ แม้ว่าแมวสายพันธุ์นี้จะไม่ได้ชื่อว่าเป็นมิตรและรักเด็กเป็นอันดับต้น ๆ แต่แมวแต่ละตัวล้วนแตกต่างกัน หากฝึกให้คุ้นเคยกับเด็กแล้วย่อมอารมณ์ดีและอยู่ร่วมกับเด็กได้,https://www.purina.co.th/find-a-pet/cat/breed-library/exotic-shorthair
cat,แมวขาวมณี,"แมวขาวมณีมีรูปร่างเพรียว มีกล้ามเนื้อที่ปกคลุมด้วยขนสั้นแน่นนุ่มสีขาว มีใบหูขนาดกลางถึงใหญ่ ส่วนจมูกจะเชิดเล็กน้อย จุดเด่นที่เป็นเอกลักษณ์ของสายพันธุ์นี้อยู่ที่ตา แมวขาวมณีมีตาได้หลายสี ไม่ว่าจะเป็นสีฟ้าหรือเหลืองอำพัน เหลือง หรือเขียว โดยข้างหนึ่งอาจเป็นสีฟ้า ส่วนอีกข้างอาจเป็นสีอื่นก็ได้ ในประเทศไทยนั้น แมวขาวมณีที่มีตาสองสีถือว่าเป็นสิ่งนำโชค ดังนั้นบางครั้งจึงเรียกแมวพันธุ์นี้ว่า “แมวนำโชค” บางครั้งแมวขาวมณีอาจเกิดมามีรอยเหมือนปานบนหัวแต่ปานนี้จะหายไปเมื่ออายุประมาณ 1 ปี ซึ่งถือเป็นเรื่องปกติ แมวขาวมณีเป็นแมวที่ตื่นตัว ชอบผจญภัย ชอบพูดชอบคุย ฉลาดและขี้เล่น ชอบให้มีทาสล้อมรอบตัว และชอบครางหรือทำเสียงออดอ้อน ชื่ออื่น ๆ : อัญมณีสีขาว, ขาวปลอด, แมวตาเพชร แมวขาวมณีเป็นแมวพันธุ์หายากที่มีถิ่นกำเนิดในประเทศไทย และมีต้นกำเนิดที่สืบย้อนหลังไปได้หลายร้อยปี เชื่อกันว่าแมวขาวมณีนำพาโชคดีมาให้และมักเป็นที่นิยมเลี้ยงในราชสำนัก แมวทุกตัวล้วนมีเอกลักษณ์และความต้องการเฉพาะของแต่ละตัว เมื่อพูดถึงอาหาร แมวเป็นสัตว์กินเนื้อ และแมวทุกตัวรวมถึงแมวขาวมณีจะต้องได้รับสารอาหารต่าง ๆ ที่ครบถ้วน 41 ชนิดจากอาหารที่กินเข้าไป สัดส่วนของสารอาหารเหล่านี้แตกต่างกันไปตามอายุ วิถีชีวิต และสุขภาพโดยรวม ดังนั้นจึงไม่น่าแปลกใจที่ลูกแมวกำลังโตจะต้องการกลุ่มสารอาหารที่ต่างออกไปจากแมวสูงวัยที่กระตือรือร้นน้อยกว่า อีกข้อหนึ่งที่ทาสต้องระลึกให้ขึ้นใจคือ ควรให้อาหารในปริมาณที่พอเหมาะ เพื่อรักษารูปร่างที่เหมาะสม ตามคำแนะนำของสายพันธุ์ และจัดอาหารสูตรเปียกหรือสูตรแห้งให้ตามที่แมวชอบ มีผู้ตั้งข้อสังเกตว่าแมวที่มีขนสีขาว ตาสีฟ้า มักมีอาการพิการทางหู แต่แมวขาวมณีตาสีฟ้ามีโอกาสพิการทางหูเพียงแค่บางตัวเท่านั้น สมาคมแมวขาวมณีได้แนะนำให้ผู้ที่ต้องการจดทะเบียนขยายพันธุ์แมว ตรวจสอบสายพันธุ์และลักษณะของแมวก่อนทุกครั้ง แม้ว่าแมวสายพันธุ์ขาวมณีนี้จะไม่ได้ชื่อว่าเป็นมิตรและรักเด็กเป็นอันดับต้น ๆ แต่แมวแต่ละตัวล้วนแตกต่างกัน หากฝึกให้คุ้นเคยกับเด็กแล้วย่อมอารมณ์ดีและอยู่ร่วมกับเด็กได้",https://www.purina.co.th/find-a-pet/cat/breed-library/khao-manee
cat,แมวสีสวาด,แมวสีสวาดหรือแมวโคราช เป็นแมวขนสั้น เป็นมัน เส้นละเอียดและเรียงชิดติดกับผิวหนัง เป็นแมวที่มีสีเดียวคือสีสวาด ซึ่งมีลักษณะเทาอมเขียว แต่หากเป็นสายตาฝรั่งอาจมองว่าเป็นสีเงินอมฟ้า จมูก ริมฝีปากและอุ้งเท้าของแมวสีสวาดมีสีน้ำเงินอมเทาหรือสีม่วง ้แมวสายพันธุ์นี้อาจหน้าตาดูคล้ายเพื่อนสายพันธุ์รัสเซียบลู (Russian Blue) แต่แมวสีสวาดหรือแมวโคราชมีขนชั้นเดียวและรูปร่างกลมมากกว่าเพื่อนจากรัสเซีย โดยตาจะมีสีเขียวอ่อนมากกว่าสีฟ้าเข้ม ส่วนหัวจะเป็นทรงหัวใจและมีใบหูใหญ่ ตาโต ดูตื่นตัว ส่วนลำตัวก็แข็งแรง มีกล้ามเนื้อและไม่ได้ตัวยาวเหมือนพันธุ์วิเชียรมาศ (Siamese cat) หรือป้อมเหมือนแมวบริติชช็อตแฮร์ (British Shorthair) แมวสีสวาดหรือแมวโคราช ไม่ใช่แมวช่างพูดนักแต่มีความอ่อนหวาน ฉลาดและขี้เล่น เหมาะกับการเป็นสัตว์เลี้ยงและชอบดูแลเอาใจใส่ทาส แมวสีสวาดมีชื่อเรียกอีกอย่างว่า “แมวโคราช” ตามจังหวัดโคราชหรือจังหวัดนครราชสีมา ในประเทศไทย ตามธรรมเนียมไทยโบราณ มักนิยมให้แมวสีสวาดเป็นคู่ แก่เจ้าสาวเพื่อความเป็นสิริมงคล ช่วงศตวรรษที่ 19 ได้มีผู้นำแมวสีสวาดเข้าร่วมในงานบริติชแค๊ทโชว์ (British cat show) โดยเรียกว่า “แมวสยามสีน้ำเงิน” (Blue Siamese cat) ส่วนในประเทศอเมริกา พบแมวพันธุ์นี้ครั้งแรกในช่วงทศวรรษ 1950 และเข้ามาในเกรทบริเตนในปี 1972 แมวสายพันธุ์นี้เป็นแมวไม่กี่สายพันธุ์ที่มีเพียงสีเดียวซึ่งก็คือสีเทาเข้มแบบสีสวาด แมวทุกตัวล้วนมีเอกลักษณ์ รวมถึงความต้องการเฉพาะของแต่ละตัว เมื่อพูดถึงอาหาร แมวเป็นสัตว์กินเนื้อ และแมวทุกตัวรวมถึงแมวสีสวาดหรือแมวโคราชจะต้องได้รับสารอาหารต่าง ๆ ที่ครบถ้วน 41 ชนิดจากอาหารที่กินเข้าไป สัดส่วนของสารอาหารเหล่านี้แตกต่างกันไปตามอายุ วิถีชีวิต และสุขภาพโดยรวม ดังนั้นจึงไม่น่าแปลกใจที่ลูกแมวกำลังโตจะต้องการกลุ่มสารอาหารที่ต่างออกไปจากแมวสูงวัยที่กระตือรือร้นน้อยกว่า อีกข้อหนึ่งที่ทาสต้องระลึกให้ขึ้นใจคือ ควรให้อาหารในปริมาณที่พอเหมาะ เพื่อรักษารูปร่างที่เหมาะสม ตามคำแนะนำของแต่ละสายพันธุ์ และจัดอาหารสูตรเปียกหรือสูตรแห้งให้ตามที่แมวชอบ แมวสีสวาดหรือแมวโคราช ถือว่าเป็นแมวที่อายุยืน อาจอยู่ได้ถึง 18-19 ปีโดยถือเป็นเรื่องปกติ แต่มักมีปัญหาโรคพันธุกรรมเมตาบอลิก (Gangliosidosis) ซึ่งเป็นโรคขาดเอนไซต์ ทำให้เกิดผลเสียต่อระบบประสาทอันเป็นสาเหตุของอัมพาต ดังนั้นก่อนที่จะซื้อแมวพันธุ์นี้มาเลี้ยง เจ้าของควรตรวจสอบกับผู้เพาะพันธุ์แมวว่าได้ผ่านการตรวจโรคดังกล่าวหรือไม่,https://www.purina.co.th/find-a-pet/cat/breed-library/korat
cat,แมวเมนคูน,แมวเมนคูนเป็นสายพันธุ์แมวขนาดใหญ่ที่สุดในโลก รูปร่างแข็งแรงกำยาและขาแข็งแรง หัวทรงเหลี่ยม ใบหูใหญ่และตั้งตรง ขนด้านนอกมีลักษณะยาวหนาเป็นมันและกันน้ำได้ดี มีขนชั้นในซ่อนอยู่ข้างใต้ ส่วนขนที่หัว คอและไหล่จะสั้นกว่าจุดอื่นแต่จะค่อย ๆ ยาวขึ้นเรื่อย ๆ บริเวณส่วนหลัง ข้างลำตัวและหาง ส่วนท้องกับสะโพกมีขนดกและหนา ที่โคนหูจะมีขนยาวเป็นพู่งามสง่า โดยแมวเมนคูนเพศผู้จะมีขนส่วนนี้หนากว่าเพศเมีย ส่วนขนที่หางจะยาวนุ่มสลวย บริเวณปลายหูจะมีขนยาวแซมออกมา เช่นเดียวกับบริเวณอุ้งเท้า มองผ่าน ๆ เหมือนใส่รองเท้าขนฟูหุ้มอีกชั้น แมวเมนคูนเป็นแมวสายพันธุ์ที่เพาะเลี้ยงออกมาได้หลายสี มากกว่า 30 สีเลยทีเดียว ส่วนสีตาอาจมีสีเขียว ทองหรือทองแดง แต่ถ้าแมวสีขาวอาจมีตาสีฟ้าหรือตาสองสีก็ได้ แมวเมนคูนมีนิสัยอ่อนโยน ขี้เล่นและเป็นมิตร ชอบอยู่ใกล้คนและเป็นสัตว์เลี้ยงที่ดี อาจเป็นเพราะลักษณะที่ไม่เย่อหยิ่งทำให้พบแมวเมนคูนนอนขดอยู่ในที่แปลก ๆ ได้ แมวเมนคูนรักการผจญภัยทำให้ต้องมีที่ให้ปีนป่ายและกระตุ้นสัญชาตญาณนักล่า แมวเมนคูนยังเป็นที่รู้จักว่าชอบทำเสียงออดอ้อนเป็นพิเศษอีกด้วย บรรพบุรุษของแมวเมนคูนเป็นแมวขนยาวที่ถูกนำเข้าไปรัฐเมนโดยชาวเรือในช่วงทศวรรษ 1850 หลังจากนั้นได้ผสมพันธุ์กับแมวพื้นถิ่นขนสั้น ลูกที่ออกมาตัวใหญ่ รูปร่างแข็งแรง มีขนยาวปานกลาง มีหางยาวเป็นพวงคล้ายหางแร็คคูน จึงเป็นที่มาของชื่อพันธุ์ “เมนคูน” นั่นเอง แมวพันธุ์นี้ได้ปรับตัวให้มีขนที่หนาขึ้นเพื่อให้ทนกับอากาศที่หนาวเย็นของรัฐเมนได้ ในช่วงต้นทศววรรษ 1860 ได้มีการจัดแสดงแมวเมนคูนครั้งพิเศษ ทำให้แมวพันธุ์นี้เป็นที่รู้จักและนำมาเลี้ยงเป็นสัตว์เลี้ยงมากขึ้น ช่วงทศวรรษ 1980 ได้มีผู้นำแมวพันธุ์นี้เข้าไปยังสหราชอาณาจักร แมวทุกตัวล้วนมีเอกลักษณ์ รวมถึงความต้องการเฉพาะของแต่ละตัว เมื่อพูดถึงอาหารแมวเป็นสัตว์กินเนื้อ และแมวทุกตัวรวมถึงแมวเมนคูนจะต้องได้รับสารอาหารต่าง ๆ ที่ครบถ้วน 41 ชนิดจากอาหารที่กินเข้าไป สัดส่วนของสารอาหารเหล่านี้แตกต่างกันไปตามอายุ วิถีชีวิต และสุขภาพโดยรวม ดังนั้นจึงไม่น่าแปลกใจที่ลูกแมวกำลังโตจะต้องการกลุ่มสารอาหารที่ต่างออกไปจากแมวสูงวัยที่กระตือรือร้นน้อยกว่า อีกข้อหนึ่งที่ทาสต้องระลึกให้ขึ้นใจคือ ควรให้อาหารในปริมาณที่พอเหมาะ เพื่อรักษารูปร่างที่เหมาะสม ตามคำแนะนำของสายพันธุ์ และจัดอาหารสูตรเปียกหรือสูตรแห้งให้ตามที่แมวชอบ แมวเมนคูนมีความเสี่ยงเป็นโรคกล้ามเนื้อหัวใจหนาผิดปกติ (hypertrophic cardiomyopathy) นอกจากนี้ยังเสี่ยงเป็นโรคข้อสะโพก (hip dysplasia) ควรปรึกษาผู้เพาะพันธุ์แมวให้ดีก่อนที่จะตัดสินใจเลี้ยง ถึงแมวเมนคูนจะเป็นมิตรและรักเด็ก แต่อย่าลืมว่าแมวแต่ละตัวก็มีลักษณะนิสัยต่างกันขึ้นอยู่กับการสอนและประสบการณ์ชีวิต ถ้าต้องการรับเลี้ยง ควรปรึกษาผู้เชี่ยวชาญเพื่อทำความเข้าใจลักษณะนิสัยของแมวที่ต้องการรับเลี้ยง,https://www.purina.co.th/find-a-pet/cat/breed-library/maine-coon
cat,แมวมันช์กิ้น,แมวมันช์กิ้น เป็นแมวสายพันธุ์ขนาดกลาง ขาสั้นกุดและลำตัวยาว มีคนเปรียบเปรยไว้ว่า แมวสายพันธุ์นี้เคลื่อนที่เหมือนตัวเฟร์ริต เพราะฉะนั้นอย่าคาดหวังว่าจะได้เห็นแมวมันช์กิ้นเดินกรีดกรายเหมือนแมวขายาว ๆ นอกจากนี้แมวมันช์กิ้นยังมีลำตัวหนาและอกตันอีกด้วย มีทั้งแบบขนสั้นและขนยาว มีขนนุ่มลื่นเป็นประกายเหมือนกำมะหยี่ ถ้าเป็นพันธุ์ขนยาว ขนหางจะเป็นฟูฟ่องเป็นพวง แมวสายพันธุ์นี้มีหลายสี หลายลาย และตากลมโตเหมือนลูกวอลนัท แมวมันช์กิ้นมีนิสัยอ่อนโยนแต่กล้าแสดงออก แม้จะโตแล้ว ก็ยังมีความอยากรู้อยากเห็นและขี้เล่น ชอบสังคมและไม่กลัวคน สามารถสอนให้เล่นเก็บของและทำตามคำสั่งได้ มันช์กิ้นเป็นแมวที่วิ่งเร็วถึงแม้จะขาสั้น และมักหาช่องทางลัดเลาะได้เสมอ หากเทียบแมวมันช์กิ้นกับสุนัขแล้ว แมวมันช์กิ้นก็คือสุนัขสายพันธุ์ดัชชุน สายพันธุ์นี้ทำให้เกิดเสียงวิพากวิจารณ์ในโลกของแมว การกลายพันธุ์ของแมวพันธุ์นี้พบในอเมริกาในปี 1983 และชื่อมันช์กิ้นนี้ก็ตั้งตามตัวละครที่เป็นคนแคระในหนังเรื่องพ่อมดอ๊อซ (The Wizard of Oz) ส่วนอังกฤษนั้นมีการรายงานว่าพบแมวขาสั้นเหมือนแมวพันธุ์นี้ในทศวรรษ 1930 ส่วนรัสเซียพบในช่วงทศวรรษ 1950 แต่ไม่ได้มีการเพาะพันธุ์อย่างต่อเนื่อง แมวทุกตัวล้วนมีเอกลักษณ์ และต่างมีความชอบ รวมทั้งความต้องการเฉพาะของแต่ละตัว เมื่อพูดถึงอาหาร แมวเป็นสัตว์กินเนื้อ และแมวทุกตัวรวมถึงแมวมันช์กิ้นจะต้องได้รับสารอาหารต่าง ๆ ที่ครบถ้วน 41 ชนิดจากอาหารที่กินเข้าไป สัดส่วนของสารอาหารเหล่านี้แตกต่างกันไปตามอายุ วิถีชีวิต และสุขภาพโดยรวม ดังนั้นจึงไม่น่าแปลกใจที่ลูกแมวกำลังโต จะต้องการสารอาหารที่ต่างออกไปจากแมวสูงวัยที่กระตือรือร้นน้อยกว่า อีกข้อหนึ่งที่ทาสต้องระลึกให้ขึ้นใจคือ ควรให้อาหารในปริมาณที่พอเหมาะ เพื่อรักษา “รูปร่างที่เหมาะสม” ตามคำแนะนำของสายพันธุ์ และจัดอาหารสูตรเปียกหรือสูตรแห้งให้ตามที่แมวชอบ ด้วยลักษณะขาสั้นป้อมของแมวมันช์กิ้นที่บ่งชี้ถึงปัญหากระดูกและกระดูกสันหลัง หากเทียบกับสุนัข แมวมันช์กิ้นก็คล้ายกับสุนัขพันธุ์ขาสั้นที่มีความเสี่ยงเป็นโรคข้อ เพราะฉะนั้นจึงกลัวว่าแมวสายพันธุ์นี้อาจพบปัญหาเดียวกัน แต่ทั้งนี้ เช่นเดียวกับแมวทุกสายพันธุ์ ควรให้แมวมันช์กิ้นฉีดวัคซีนตามกำหนด เพื่อป้องกันเห็บหมัด และจำเป็นต้องตรวจสุขภาพอย่างสม่ำเสมอ แมวมันช์กิ้นอาจไม่ได้ขึ้นชื่อว่าเป็นมิตรและรักเด็กเป็นอันดับต้น ๆ แต่แมวแต่ละตัวล้วนแตกต่างกัน หากฝึกให้คุ้นเคยกับเด็กแล้วย่อมอารมณ์ดีและอยู่ร่วมกับเด็กได้,https://www.purina.co.th/find-a-pet/cat/breed-library/munchkin
cat,แมวนอร์วีเจียน ฟอเรสต์,แมวนอร์วีเจียน ฟอเรสต์เป็นแมวขนาดกลางที่ถือว่าใหญ่กว่าเพื่อนในรุ่นเดียวกัน แมวพันธุ์นี้มีลักษณะสง่างามและขนค่อนข้างยาว (ขนจะสั้นขึ้นเล็กน้อยในฤดูร้อน) ลำตัวยาว มีกล้ามเนื้อและโครงกระดูกแข็งแรง ขายาวและหางเป็นพวง ส่วนหัวของแมวนอร์วีเจียน ฟอเรสต์มีลักษณะยาวทรงสามเหลี่ยม ขากรรไกรตรง หูตั้ง มีขนยาวออกมาเป็นพู่ ขนด้านนอกเป็นเงาลื่น ทำหน้าที่กันน้ำให้ขนชั้นในที่ซ่อนอยู่ แมวสายพันธุ์นี้มีแผงคอ ขนที่อก และขาหรือแม้กระทั่งซอกนิ้ว แถมมีให้เลือกหลากหลายสี ยกเว้นสีน้ำตาลช็อคโกแลต ม่วงหรือไล่สีแบบแมววิเชียรมาศ บางตัวอาจมีแต้มสีขาวที่อุ้งเท้า อก ท้องหรือหน้า ส่วนสีตาอาจเป็นสีอะไรก็ได้ นอร์วีเจียน ฟอเรสต์ ชอบคนและอยากมีเพื่อนรายล้อมอยู่ใกล้ ๆ บางครั้งอาจเรียกร้องความสนใจบ้าง แต่บางครั้งก็อาจไม่สนใจโลก เนื่องจากแมวพันธุ์นี้มีบรรพบุรุษที่ใช้ชีวิตนอกบ้าน จึงสามารถปรับตัวให้ใช้ชีวิตกลางแจ้งและเป็นนักล่าได้ นอกจากนี้ยังชอบปีนป่ายด้วย ถือว่าเป็นสัตว์เลี้ยงที่ใจดีเพราะเป็นมิตรและขี้เล่น อาจโตช้าและไม่ยอมโตจนกว่าจะอายุ 4 ปี แมวนอร์วีเจียน ฟอเรสต์เป็นพันธุ์ที่เชื่อว่ามีต้นกำเนิดจากแมวขนสั้นที่ชาวไวกิ้งนำเข้ามาในสหราชอาณาจักรผสมกับแมวพันธุ์ขนยาวที่นักรบครูเสดนำเข้ามาในประเทศกลุ่มสแกนดิเนเวีย แล้วผสมพันธุ์กับแมวในฟาร์มและแมวจรจัดอื่น ๆ เนื่องจากถิ่นกำเนิดของแมวนอร์วีเจียน ฟอเรสต์อยู่ในพื้นที่หนาวเย็นของสแกนดิเนเวียทำให้ปรับตัวเข้ากับฤดูหนาวที่อากาศหนาวเย็นและลำบากได้ เราจะเห็นได้จากลักษณะทางกายภาพของแมวสายพันธุ์นี้ที่มีขนสองชั้น ช่วยป้องกันลมหนาวและหิมะ แถมยังแห้งเร็วอีกด้วย แมวนอร์วีเจียน ฟอเรสต์เป็นสายพันธุ์ที่ถูกที่ยอมรับครั้งแรกในทศวรรษที่ 1930 โดยมีการปรากฏตัวในงานแสดงแมวในปี 1938 และในช่วงทศวรรษที่ 1970 แมวนอร์วีเจียน ฟอเรสต์ถูกนำเข้าจากประเทศนอร์เวย์ แมวทุกตัวล้วนมีเอกลักษณ์ และต่างมีความชอบ รวมทั้งความต้องการเฉพาะของแต่ละตัว เมื่อพูดถึงอาหาร แมวเป็นสัตว์กินเนื้อ และแมวทุกตัวรวมถึงแมวนอร์วีเจียน ฟอเรสต์จะต้องได้รับสารอาหารต่าง ๆ ที่ครบถ้วน 41 ชนิดจากอาหารที่กินเข้าไป สัดส่วนของสารอาหารเหล่านี้แตกต่างกันไปตามอายุ วิถีชีวิตและสุขภาพโดยรวม ดังนั้นจึงไม่น่าแปลกใจที่ลูกแมวกำลังโตจะต้องการกลุ่มสารอาหารที่ต่างออกไปจากแมวสูงวัยที่กระตือรือร้นน้อยกว่า อีกข้อหนึ่งที่ทาสต้องระลึกให้ขึ้นใจคือ ควรให้อาหารในปริมาณที่พอเหมาะ เพื่อรักษารูปร่างที่เหมาะสม ตามคำแนะนำของแมวแต่ละสายพันธุ์ และจัดอาหารสูตรเปียกหรือสูตรแห้งให้ตามที่แมวชอบ แมวนอร์วีเจียน ฟอเรสต์เป็นแมวสายพันธุ์แข็งแรงและไม่ค่อยมีปัญหาสุขภาพเฉพาะสายพันธุ์ แมวนอร์วีเจียน ฟอเรสต์อาจไม่ได้ขึ้นชื่อว่าเป็นมิตรและรักเด็กเป็นอันดับต้น ๆ แต่แมวแต่ละตัวล้วนแตกต่างกัน หากฝึกให้คุ้นเคยกับเด็กแล้วย่อมอารมณ์ดีและอยู่ร่วมกับเด็กได้,https://www.purina.co.th/find-a-pet/cat/breed-library/norwegian-forest
cat,อ็อกซี่แคท,แมวพันธุ์นี้มีขนาดกลางถึงใหญ่ และมีลายจุดเฉพาะตัวของสายพันธุ์ ส่วนอกจะยุบแต่กว้าง มีขาแข็งแรงและกล้ามเนื้อเป็นทรวดทรงงดงาม ส่วนหัวเป็นทรงสามเหลี่ยมกลับหัวแต่ก็มีขากรรไกร “เหลี่ยม” ด้วย ใบหูมีลักษณะใหญ่ กว้างและมีกระจุกขน หลายคนจึงนึกว่าแมวพันธุ์นี้มีนิสัย “ดุร้าย” อ็อกซี่แคทมีขนสั้นและละเอียดเหมือนผ้าซาติน ส่วนลวดลายจุดที่เป็นเอกลักษณ์ของสายพันธุ์นี้จะกระจายเป็นระเบียบไปทั่วลำตัวด้านข้าง หัวไหล่และสะโพก ต่อเนื่องไปจนถึงขาและส่วนท้อง ส่วนหน้าผากจะมีลายตัวอักษรเอ็ม (M) ที่เป็นเอกลักษณ์ชัดเจน ส่วนหางจะมีจุดสลับกับวงกลมสีเข้มไปจนสุดปลายหาง แมวพันธุ์อ็อกซี่แคทมีหลายสี ถึงอ็อกซี่แคทจะมีรูปลักษณ์คล้ายแมวป่าแต่ไม่ได้เป็นแมวสาย “โหด” เป็นพันธุ์ที่เฉลียวฉลาด ขี้เล่น อยากรู้อยากเห็นและเป็นมิตรแต่ก็ต้องการเป็นจุดสนใจ อ็อกซี่แคทชอบอยู่ใกล้คนเช่นเดียวกับแมวสายพันธุ์อื่น ๆ ที่ซุกซนและบ้าพลัง แต่ถ้าหากผู้เลี้ยงต้องไปทำงานทั้งวันก็ควรเลี้ยงไว้เป็นคู่ จะได้มีเพื่อน แมวพันธุ์อ็อกซี่แคทเป็นสายพันธุ์ที่ค่อนข้างใหม่ เกิดจากการทดลองผสมพันธุ์ในอเมริกาช่วงทศวรรษ 1960 ฟาร์มผสมพันธุ์พยายามจะผสมแมววิเชียรมาศกับแมวอะบิสซิเนียนเข้าด้วยกันแต่กลับได้ลูกแมวขนทองที่มีเฉดสีขาวนวลซ้อนอยู่ เนื่องจากดูคล้ายแมวป่า “โอซีล็อต” จึงได้ชื่อว่าแมว “อ็อกซี่แคท” ต่อมาได้นำมาผสมกับแมวพันธุ์อเมริกัน ชอร์ตแฮร์ ทำให้ได้ขนสีเงินที่สวยงามและมีกล้ามเนื้อกับโครงกระดูกที่แข็งแรง ปี 1988 เป็นปีแรกที่แมวพันธุ์นี้เข้ามาในสหราชอาณาจักร แมวทุกตัวมีเอกลักษณ์เฉพาะตัว เมื่อพูดถึงอาหารแต่ละตัวจะมีความชอบ ไม่ชอบ และความต้องการแตกต่างกัน แมวเป็นสัตว์กินเนื้อและต้องได้รับสารอาหารต่าง ๆ ที่ครบถ้วน 41 ชนิดจากอาหารที่กินเข้าไป สัดส่วนของสารอาหารเหล่านี้แตกต่างกันไปตามอายุ วิถีชีวิต และสุขภาพโดยรวม จึงไม่ต้องแปลกใจไปหากลูกแมวที่กำลังโตและพลังล้นเหลือจะต้องการสารอาหารที่ต่างจากแมวสูงวัยที่ไม่ชอบขยับตัวไปไหน อีกข้อหนึ่งที่ต้องระลึกให้ขึ้นใจคือ ควรให้อาหารในปริมาณที่พอเหมาะ เพื่อรักษา “รูปร่างให้สมส่วน” ตามคำแนะนำของสายพันธุ์ และจัดอาหารสูตรเปียกหรือสูตรแห้งให้ตามที่แมวชอบ ปัจจุบันยังไม่มีรายงานว่าแมวพันธุ์อ็อกซี่แคทมีปัญหาสุขภาพประจำสายพันธุ์แต่อย่างใด แม้ว่าแมวสายพันธุ์นี้จะไม่ได้ชื่อว่าเป็นมิตรและรักเด็กเป็นอันดับต้น ๆ แต่แมวแต่ละตัวล้วนแตกต่างกัน หากฝึกให้คุ้นเคยกับเด็กแล้วย่อมอารมณ์ดีและอยู่ร่วมกับเด็กได้,https://www.purina.co.th/find-a-pet/cat/breed-library/ocicat
cat,แมวเปอร์เซีย (Persian cat),ทำความรู้จักแมวเปอร์เซีย (Persian Cat) แมวเปอร์เซีย หรือ Persian Cat คือหนึ่งในสายพันธุ์น้องแมวขนสวยยาวเงางาม และจัดเป็นหนึ่งในสิบสายพันธุ์แมว ที่ได้รับความนิยมนำมาเลี้ยงมากที่สุดบนโลกสายพันธุ์หนึ่ง ด้วยขนที่สวย บวกกับความน่ารัก ความจงรักภักดีต่อเจ้าของ รักความสงบ ไม่ส่งเสียงดังเอะอะ และความฉลาดแสนรู้ของแมวเปอร์เซีย ทำให้น้องแมวสายพันธุ์นี้มัดใจให้หลายคนตกหลุมรักกันแบบถอนตัวไม่ขึ้น มาทำความรู้จักน้องแมวเปอร์เซีย กันให้มากอีกนิด แล้วคุณจะหลงรักน้องแมวเปอร์เซียยิ่งขึ้นไปอีก ลักษณะเด่นของแมวเปอร์เซียอยู่ที่ตาที่โต กะโหลกกลม หน้าแบน แก้มแน่น และใบหูขนาดเล็กที่มีปลายมน ขนาดหัวที่ใหญ่ของแมวเปอร์เซียช่วยพยุงคอที่สั้น หลายคนอาจเคยสังเกตเห็นว่าแมวเปอร์เซียมีหน้าตาหลายแบบ เช่น หน้าแบนสุดๆ แบบ Peke-face หรือเป็นลุคเก่าที่จะเห็นว่าใบหน้าแมวเปอร์เซียมีความกลมขึ้นมาอีกนิดแบบ Doll-face ซึ่งอายุเฉลี่ยของแมวสายพันธุ์นี้อยู่ที่ 10 – 15 ปี มีความยาวลำตัว 14 – 18 นิ้ว (ไม่รวมความยาวหาง) น้ำหนักประมาณ 4 – 6 กิโลกรัม รูปร่างของแมวเปอร์เซียจะเป็นสัดส่วนของกล้ามเนื้อเป็นส่วนใหญ่ ขาสั้น หนา และมีอุ้งเท้าขนาดใหญ่ หางแมวเปอร์เซียจัดว่าไม่ยาวมากเมื่อเทียบกับสัดส่วนลำตัวของแมว แมวเปอร์เซียจะค่อนข้างเงียบและไม่ซุกซน ชอบที่จะนั่งนิ่งๆ อยู่ข้างกายเจ้าของแบบสงบเสงี่ยม มีความเป็นมิตรกับสมาชิกในครอบครัวรวมทั้งเด็ก แต่จะไม่ชอบถ้าเด็กหรือสัตว์เลี้ยงตัวอื่นมากวน หรือมายุ่งวุ่นวาย และมักเป็นแมวที่ได้รับความสนใจจากสมาชิกในครอบครัว แต่มีเพียงไม่กี่คนหรอกนะที่น้องแมวเปอร์เซียจะรู้สึกไว้ใจ สถานที่หรือบริเวณที่มีเสียงดังเอะอะไม่ใช่ที่ที่จะถูกใจแมวเปอร์เซียเท่าไหร่นัก น้องแมวเปอร์เซียค่อนข้างที่จะรักสงบ ชอบที่จะมีชีวิตเรียบง่าย เช่น ได้กินอาหารเวลาเดิมสม่ำเสมอ มีเวลาเล่นของเล่น และอยู่ในครอบครัวที่อบอวลไปด้วยความรัก ถ้าคุณกำลังมองหาแมวที่จะไม่ปีนผ้าม่านราคาแพงของคุณเล่นๆ ไม่กระโดดไปลุยเคาน์เตอร์ในครัว หรือไม่กระโจนไปยืนบนหลังตู้เย็นล่ะก็ มองมาที่แมวเปอร์เซียได้เลย นอกจากจะอยู่นิ่งๆ ไม่ก่อกวนให้เจ้าของวุ่นวายใจแล้ว แมวเปอร์เซียก็ยังไม่ร้องขอความรักจากใคร แค่ได้อยู่ใกล้ๆ ก็สบายใจสไตล์แมวเปอร์เซียแล้ว ลักษณะของขน และสีของแมวเปอร์เซีย ขนของแมวเปอร์เซียจะมีความยาวและหนาฟู มีความมันวาว เป็นหนึ่งในสายพันธุ์แมวขนสวยเงางาม เส้นขนของแมวเปอร์เซียจะยาวตลอดทั้งลำตัว และมีขนฟูนุ่มน่าจับอยู่รอบๆ คอ มีขนเส้นเล็กแซมระหว่างขาหน้า ใบหู นิ้วเท้า และที่หาง สีสันของแมวเปอร์เซียที่เรามักจะพบเห็นบ่อยจะเป็นสีขาว สีครีม สีแดง สีน้ำเงิน สีดำและสีช็อกโกแลต ส่วนสีตาก็จะเป็นสีเดียวกับสีขน นอกจากสีที่มีหลากหลายแล้ว ลวดลายก็มีหลายแบบเช่นกัน โดยอาจจะพบขนสีพื้นและแซมด้วยสีเงิน ทอง ดำ ทำให้เกิดเป็นเฉดสีและลายต่างๆ เช่น สีควันบุหรี่ ลายแบบแท็บบี้ สองสี เป็นต้น ประวัติความเป็นมาของแมวเปอร์เซีย (Persian Cat) แต่เดิมนั้นแมวเปอร์เซีย มีถิ่นกำเนิดมาจากแถบเปอร์เซีย ซึ่งอยู่ภายในประเทศตุรกีและอิหร่านในปัจจุบัน ซึ่งสอดคล้องกับชื่อของสายพันธุ์นี้ที่มักจะเรียกกันว่า แมว Iranian (หรืออีกชื่อนึงก็คือแมว Shirazi) โดยมีบันทึกว่าบรรพบุรุษของแมวสายพันธุ์นี้ ถูกนำเข้าจากอิหร่านมาถึงยังประเทศอิตาลี ในช่วงปี ค.ศ. 1620 และได้รับความนิยมจากผู้เลี้ยงแมวในแถบยุโรปเป็นอย่างมาก จึงได้มีการนำไปขยายพันธุ์ในสหรัฐฯ ในช่วงต้นปี ค.ศ. 1900 และได้รับการตั้งชื่อว่า Persian Cat ตามถิ่นกำเนิดของแมวสายพันธุ์นี้นั่นเอง ขนาดของแมวเปอร์เซีย แมวเปอร์เซียนั้นจะมีขนาด,https://www.purina.co.th/find-a-pet/cat/breed-library/persian-long-hair
cat,แร็กดอล,แร็กดอลเป็นแมวสายพันธุ์ใหญ่ มีพละกำลังและลวดลายที่เป็นเอกลักษณ์ แม้จะดูเป็นแมวขึงขัง จริงจัง แต่จริง ๆ แล้วเป็นแมวสบาย ๆ รักสงบสมชื่อ “แร็กดอล” ที่แปลว่า “ตุ๊กตาผ้า” ส่วนหัวของแมวพันธุ์แร็กดอลค่อนข้างกว้าง ด้านบนแบน และหูทั้งสองข้างตั้งห่างกัน ตาลึกกลมโตสีฟ้า ลำตัวของแมวพันธุ์นี้ยาว มีกล้ามอกกว้าง คอสั้นและขาตรงแข็งแรง อุ้งมือค่อนข้างกลมและใหญ่ มีขนแซมตามซอกนิ้ว ส่วนหางยาวเป็นพวง ขนของแมวพันธุ์แร็กดอลหนาละเอียดเหมือนเส้นไหม มีทั้งแบบขนยาวกลาง ๆ ไปจนถึงยาวมาก แต่สำหรับเหมียวที่โตเต็มไวแผงอกและรอบคอจะมีขนขึ้นแน่นฟู ขนแมวแร็กดอลจะมีอยู่ 3 แบบและแต่ละแบบจะมี 4 สี นอกจากนี้แร็กดอลบางตัวยังมีแต้มสีขาวบนหน้า หู หางและขาด้วย แร็กดอลขึ้นชื่อว่าเป็นแมวที่รักสงบมากที่สุดในโลกเมื่อเทียบกับแมวบ้านพันธุ์อื่น ๆ แมวพันธุ์นี้มีความสุขกับตัวเอง ไม่เรียกร้องและอดทนต่อหลายสถานการณ์ ด้วยนิสัยอ่อนโยนและสงบเย็น ทำให้แมวแร็กดอลเป็นสัตว์เลี้ยงที่ซื่อสัตย์และรักผู้เลี้ยง มีคำกล่าวโบราณที่ว่า แมวพันธุ์นี้อดทนต่อความเจ็บปวดเก่ง แต่ความจริงแล้วไม่ได้เป็นเช่นนั้น ลักษณะที่ดูผ่อนคลายนั้นจริง ๆ มาจากความไว้ใจ ไม่ใช่ว่าไร้ความรู้สึก ลูกแมวแร็กดอลตัวแรกเกิดที่รัฐแคลิฟอร์เนียช่วงทศวรรษที่ 1960 คาดว่าน่าจะเกิดจากการผสมพันธุ์กันของแมวสาวเปอร์เซียสีขาว (เพศเมีย) กับแมวพันธุ์เบอร์แมนหรือแมวตัวผู้ที่คล้ายพันธุ์เบอร์แมน แมวพันธุ์นี้มักยอมให้อุ้มแต่โดยดีและจะทิ้งตัวตามสบายเหมือนตุ๊กตาจึงได้ชื่อว่า “แร็กดอล” หรือ “ตุ๊กตาผ้า” บางคนเชื่อว่าลักษณะนี้เกิดขึ้นโดยไม่ได้ตั้งใจและเป็นไปตามสัญชาติญาณเดียวกับเวลาที่แม่แมวคาบลูก แต่ลักษณะเช่นนี้ไม่น่าจะถ่ายทอดทางพันธุกรรมได้ แมวทุกตัวมีเอกลักษณ์เฉพาะตัว เมื่อพูดถึงอาหารแต่ละตัวจะมีความชอบ ไม่ชอบ และความต้องการแตกต่างกัน แมวเป็นสัตว์กินเนื้อและต้องได้รับสารอาหารต่าง ๆ ที่ครบถ้วน 41 ชนิดจากอาหารที่กินเข้าไป สัดส่วนของสารอาหารเหล่านี้แตกต่างกันไปตามอายุ วิถีชีวิต และสุขภาพโดยรวม จึงไม่ต้องแปลกใจไปหากลูกแมวที่กำลังโตและพลังล้นเหลือจะต้องการสารอาหารที่ต่างจากแมวสูงวัยที่ไม่ชอบขยับตัวไปไหน อีกข้อหนึ่งที่ต้องระลึกให้ขึ้นใจคือ ควรให้อาหารในปริมาณที่พอเหมาะ เพื่อรักษา “รูปร่างให้สมส่วน” ตามคำแนะนำของสายพันธุ์ และจัดอาหารสูตรเปียกหรือสูตรแห้งให้ตามที่แมวชอบ แร็กดอลมีโรคที่ถ่ายทอดทางพันธุกรรมคือ โรคกล้ามเนื้อหัวใจหนาตัวผิดปกติ (hypertrophic cardiomyopathy) อาจทำให้เกิดอาการหัวใจวายในลูกแมวได้ ดังนั้นควรตรวจสอบกับฟาร์มก่อนที่จะเลี้ยง แม้ว่าแมวพันธ์ุนี้จะเข้ากันได้ดีกับเด็ก แต่ก็อย่าลืมว่าแมวแต่ละตัวก็มีลักษณะนิสัยต่างกันขึ้นอยู่กับการสอนและประสบการณ์ชีวิต ถ้าต้องการรับเลี้ยง ควรปรึกษากับองค์กรที่ขอรับเลี้ยงเพื่อเรียนรู้ลักษณะนิสัยของแมว,https://www.purina.co.th/find-a-pet/cat/breed-library/ragdoll
cat,รัสเซียนบลู,รัสเซียนบลูเป็นแมวขนาดกลางถึงใหญ่ มีรูปร่างเพรียวบาง งามสง่า และขาเรียวยาว มองผ่าน ๆ เหมือนเดินเขย่งปลายเท้าตลอดเวลา ส่วนหัวเป็นทรงสามเหลี่ยมกลับหัว พร้อมด้วยแผงหนวดที่โดดเด่นและใบหูขนาดใหญ่ ดวงตาของรัสเซียนบลูกลมโตคล้ายเมล็ดอัลมอนด์ ตั้งห่างกันและมีสีเขียวสดใส ขนของแมวพันธุ์นี้มีสองชั้น ขึ้นเรียงกันแน่นและสั้น ให้สัมผัสนุ่มละเอียด หากสัมผัสขนของรัสเซียนบลูแล้วจะรู้ว่าต่างจากสายพันธุ์อื่น และใช้เป็นเครื่องบ่งชี้สายพันธุ์นี้ได้อย่างแท้จริง แม้จะชื่อ “รัสเซียนบลู” แต่บางครั้งเราจะพบเห็นแมว “รัสเซียนแบล็ค” และ “รัสเซียนไวต์” ด้วยเช่นกัน ในกลุ่ม “รัสเซียนบลู” หรือรัสเซียสีน้ำเงินที่ได้รับความนิยมมากที่สุดนั้น สีขนด้านนอกจะออกเทาเหลือบน้ำเงินหรือเทาประกายเงิน รัสเซียนบลูเป็นแมวรักสงบและตกใจง่าย บางครั้งขี้อายและเก็บตัว แต่ขึ้นชื่อว่าเป็นแมวที่จงรักภักดีกับเจ้าของที่มันเลือกไว้อย่างยิ่ง แมวสายพันธุ์นี้อาจระแวงคนแปลกหน้าและใช้เวลาสร้างความสัมพันธ์กับมนุษย์สักพัก แต่เมื่อได้อยู่ในสภาพแวดล้อมที่ชื่นชอบแล้ว ก็จะเล่นของเล่นและชอบกระโดด ปีนป่าย และวิ่งไปมาอย่างปราดเปรียวและเท้าเบาที่สุดเชียว แมวรัสเซียนบลูเดิมรู้จักกันในชื่อ “แมวอาร์คแองเจิล” (Archangel Cat) เพราะเชื่อกันว่าแมวเดินทางมายุโรปทางเรือจากท่าเรือชื่อว่า “อาร์คแองเจิล” (Arkhangel'sk) ในประเทศรัสเซีย นอกจากนี้ยังเป็นที่รู้จักกันในชื่อ “แมวสเปน” และ “แมวมอลทีส” โดยเฉพาะอย่างยิ่งในสหรัฐอเมริกาที่มีการเรียกชื่อนี้เรื่อยมาจนถึงต้นศตวรรษ อย่างไรก็ดี มีหลักฐานบ่งชี้ว่ารัสเซียนบลูจริง ๆ แล้วมีถิ่นกำเนิดมาจากรัสเซีย แมวในแถบสแกนดิเนเวียจำนวนมากมีสีขนคล้ายกับแมวพันธุ์รัสเซียนบลู แต่ลักษณะขนที่ขึ้นเรียงกันแน่นเป็นสัญญาณบ่งบอกว่าแมวพันธุ์นี้อาศัยอยู่ในเขตภูมิอากาศทางเหนือมากกว่า แม้แมวพันธุ์รัสเซียนบลูจะเด่นที่พันธุ์สีน้ำเงิน แต่จริง ๆ แล้วมีสีดำและสีขาวด้วยเช่นกัน โดยสีใหม่เหล่านี้ปรากฏในช่วงสงครามโลกครั้งที่สองเมื่อแมวรัสเซียนบลูที่หลงเหลืออยู่เพียงไม่กี่ตัวผสมพันธุ์กับแมวบริติชบลูและแมววิเชียรมาศเพื่อรักษาจำนวนประชากรเอาไว้ แมวทุกตัวมีเอกลักษณ์เฉพาะตัว เมื่อพูดถึงอาหารแต่ละตัวจะมีความชอบ ไม่ชอบ และความต้องการแตกต่างกัน แมวเป็นสัตว์กินเนื้อและต้องได้รับสารอาหารต่าง ๆ ที่ครบถ้วน 41 ชนิดจากอาหารที่กินเข้าไป สัดส่วนของสารอาหารเหล่านี้แตกต่างกันไปตามอายุ วิถีชีวิต และสุขภาพโดยรวม จึงไม่ต้องแปลกใจไปหากลูกแมวที่กำลังโตและพลังล้นเหลือจะต้องการสารอาหารที่ต่างจากแมวสูงวัยที่ไม่ชอบขยับตัวไปไหน อีกข้อหนึ่งที่ต้องระลึกให้ขึ้นใจคือ ควรให้อาหารในปริมาณที่พอเหมาะ เพื่อรักษา “รูปร่างให้สมส่วน” ตามคำแนะนำของสายพันธุ์ และจัดอาหารสูตรเปียกหรือสูตรแห้งให้ตามที่แมวชอบ แมวรัสเซียนบลูเป็นสายพันธุ์ที่มีสุขภาพดี แม้ว่าแมวสายพันธุ์นี้จะไม่ได้ชื่อว่าเป็นมิตรและรักเด็กเป็นอันดับต้น ๆ แต่แมวแต่ละตัวล้วนแตกต่างกัน หากฝึกให้คุ้นเคยกับเด็กแล้วย่อมอารมณ์ดีและอยู่ร่วมกับเด็กได้,https://www.purina.co.th/find-a-pet/cat/breed-library/russian-blue
cat,สก๊อตทิช โฟลด์ (Scottish fold),ทำความรู้จัก สก๊อตทิช โฟล์ด [Scottish fold] อีกหนึ่งสายพันธุ์น้องแมวที่เป็นที่รู้จักมากไม่แพ้สายพันธุ์ไหนก็คือ สายพันธุ์สก๊อตทิช โฟลด์ [Scottish fold] ที่มีหูพับอันเป็นเอกลักษณ์แสนเก๋ที่ไม่เหมือนใคร หน้ากลมแป้น ขนอุยนุ่มน่ากอด ทำให้น้องแมวพันธุ์สก๊อตทิช โฟลด์ น้องแมวผู้มาจากสก๊อตแลนด์ ยึดพื้นที่หัวใจเจ้าของหลายๆ คนไปแล้ว แมวสายพันธุ์นี้มีอายุเฉลี่ยอยู่ที่ 11 – 14 ปี ความสูงอยู่ที่ 10 – 12 นิ้ว ด้วยหูที่พบลงมา ทำให้ใบหน้าของสก๊อตทิช โฟลด์ ดูกลม จนหลายคนให้คำอธิบายแมวสายพันธุ์นี้ไว้อย่างเห็นภาพว่าเหมือนกับ นกฮูก โดยใบหูของสก๊อตทิช โฟลด์ จะมีทั้งแบบพับงอไปด้านหน้า เรียกว่า single fold แบบพับงอที่มากขึ้นหรือ double fold และแบบที่พับราบไปกับหัว หรือ triple fold โดยลูกแมวที่เกิดมาแล้วมีใบหูตั้งก็อย่าเพิ่งตกใจไป เพราะใบหูของลูกแมวที่พับจะเริ่มมองเห็นเมื่อแมวมีอายุประมาณ 3 สัปดาห์ นอกจากใบหูพับที่เป็นเอกลักษณ์ของสายพันธุ์แล้ว อีกหนึ่งสิ่งที่ใครๆ ก็มักจะพูดถึงน้องแมวสายพันธุ์นี้ก็คือ ท่านั่งพักพุง (ท่าเดียวกับตัวเมียร์แคท) หรือไม่ก็ท่านอนหงายแผ่หลาบนพื้น ที่เรียกว่าใครได้เห็นท่าเหล่านี้ก็แทบจะอดใจเข้าไปจกพุงสก๊อตทิช โฟลด์ กันไม่ไหวเลยล่ะ แม้ว่าแมวสายพันธุ์นี้จะมีใบหูพับ แต่ว่าใบหูของแมวก็ทำงานเพื่อการสื่อสารได้เต็มประสิทธิภาพไม่ต่างจากแมวสายพันธุ์อื่น นอกจากนี้ความฉลาดของสก๊อตทิช โฟลด์ ก็ไม่เป็นรองใคร ทำให้แมวสายพันธุ์นี้ชอบเล่นของเล่นที่ท้าทายความสามารถ ใครที่เลี้ยงสก๊อตติช โฟลด์ อยู่และอยากหากิจกรรมเล่นกับแมวว่ากิจกรรมไหนที่ทำให้สก๊อตติช โฟลด์ ปลื้ม เราก็ขอบอกเลยตรงนี้ว่ากิจกรรมที่สก๊อตติช โฟลด์ โปรดปรานที่สุด ก็คือการเล่นกับเจ้าของนั่นเอง เพราะ สก๊อตติช โฟลด์ จัดว่าเป็นแมวที่ชอบอยู่กับคนมากๆ และต้องการมีส่วนร่วมในทุกกิจกรรมที่คุณทำ ต้องการการสนอกสนใจ ถ้าเป็นไปได้จะไม่เลือกอยู่เหงาๆ เงียบๆ ตัวเดียวอย่างเด็ดขาด มีน้องแมวตัวอื่นเป็นเพื่อนซักหน่อยก็ยังดี เมื่อเจ้าของกลับมาบ้าน สก๊อตติช โฟลด์ จะคาดหวังว่าเจ้าของจะมาเล่นด้วย หรือน้อยที่สุดแค่ขอมานอนอยู่ที่ปลายเท้า หรือนอนกลิ้งอยู่กับเจ้าของยามนั่งดูทีวี เท่านี้สก๊อตทิช โฟลด์ ก็พอใจแล้ว แมวพันธุ์สก๊อตทิช โฟลด์ ถือกำเนิดขึ้นในประเทศสก็อตแลนด์ มีลักษณะเด่นคือหูพับมาทางด้านหน้า จากนั้นก็เริ่มมีคนสนใจนำแมวที่มีลักษณะหูพับนี้ไปปรับปรุงพันธุ์จนกระทั่งในปี 1966 ก็ได้มีการตั้งชื่อแมวหูพับนี้ว่า สก๊อตทิช โฟลด์ เพื่อเป็นเกียรติให้กับสถานที่ที่กำเนิดแมวสายพันธุ์นี้เป็นครั้งแรก แม้ในยุคแรกน้องแมวสายพันธุ์สก๊อตทิช โฟลด์ ไม่เป็นที่ยอมรับนัก เพราะมีความเชื่อผิดๆ กันว่าลักษณะหูพับนี้อาจทำให้แมวพันธุ์สก๊อตทิช โฟลด์ มีปัญหาเกี่ยวกับรูหูตามมา แต่ในภายหลังก็ได้มีการศึกษาและได้ข้อสรุปว่า การที่แมวมีหูพับนั้นไม่ได้มีผลต่อสุขภาพหูของแมวพันธุ์นี้แต่อย่างใด นับตั้งแต่นั้นเป็นต้นมาแมวพันธุ์นี้ก็ได้รับการยอมรับในวงกว้างอย่างรวดเร็ว และเป็นหนึ่งในแมวที่มีคนนิยมเลี้ยงมากที่สุดในโลกอีกด้วย แมวพันธุ์สก๊อตทิช โฟลด์ จัดว่าเป็นแมวที่มีขนาดกลาง รูปร่างกะทัดรัด ลำตัวกลมมน โดยเพศเมียมีน้ำหนักอยู่ราว 2.7-4 กิโลกรัม ในขณะที่เพศผู้มีน้ำหนักสูงได้ถึง 5.8 กิโลกรัม สามารถพบได้ทั้งน้องแมวที่มีหูพับ และแบบที่มีหูตั้ง ใบหน้ากลม ตากลมโตน่ารัก จมูกสั้น แบน และโค้งเล็กน้อย มีคอสั้นเมื่อเทียบกับพันธุ์อื่น สารอาหารที่จำเป็นสำหรับสก๊อตทิช โฟลด์ ควรมีสัดส่วนที่เหมาะสมกับความต้องการของร่างกาย และกิจกรรมในแต่ละวันของแมวสายพันธุ์นี้ โดยสารอาหารจำเป็นที่ควรมีในอาหา,https://www.purina.co.th/find-a-pet/cat/breed-library/scottish-fold
cat,แมววิเชียรมาศ (Siamese cat),ทำความรู้จักแมววิเชียรมาศ (Siamese cat) เชื่อว่าเหล่าบรรดาทาสแมวทั้งหลายคงไม่มีใครไม่รู้จักน้องแมวพันธุ์วิเชียรมาศ หรือ แมวสยาม (Siamese cat) ที่เป็นดั่งตัวแทนสายพันธุ์แมวแห่งประเทศไทย ที่นอกจากจะมีเอกลักษณ์จากลวดลายและสีขนบนตัวอันงดงามแล้ว ยังมีลักษณะนิสัยที่เป็นมิตร ขี้อ้อน จนสามารถคว้าใจเหล่าบรรดาทาสแมวมาแล้วทั่วโลก อีกทั้งยังช่วยเสริมโชคลาภ และเป็นสิริมงคลแก่ครอบครัวตามความเชื่อของคนไทยในสมัยโบราณอีกด้วย หากใครกำลังสนใจอยากได้น้องแมวสักตัวไปเลี้ยงเป็นเพื่อนแล้วล่ะก็ น้องแมววิเชียรมาศนับว่าเป็นแมวอีกสายพันธุ์ที่ควรรับไว้พิจารณาอย่างยิ่ง ขนาดของแมววิเชียรมาศ น้องแมวพันธุ์วิเชียรมาศ ถือเป็นแมวขนาดกลาง มีน้ำหนักตัวเฉลี่ยอยู่ที่ 2.9 – 3.4 กิโลกรัม โตเต็มวัยที่อายุ 1 ปี เข้าสู่วัยชราที่อายุ 7 ปี มีอายุขัยประมาณ 15-20 ปี แมววิเชียรมาศตามธรรมชาติเป็นแมวนักล่าที่กินเนื้อสัตว์เป็นอาหาร จึงมีรูปร่างที่ปราดเปรียว และว่องไว มีกล้ามเนื้อหาที่แข็งแรงสำหรับการกระโจน วิ่ง และปีนต้นไม้ มีหู ตาที่ไว และมีสัญชาตญาณนักล่าสูง ด้วยความที่ตามธรรมชาติแล้ว แมวพันธุ์วิเชียรมาศเป็นแมวที่ล่าสัตว์กินเองเป็นอาหาร จึงทำให้แมววิเชียรมาศมีความปราดเปรียวสูง เคลื่อนที่คล่องแคล่ว ว่องไว และมีสัญชาตญาณการเป็นนักล่าที่ดี มีความระแวงระวังภัยให้กับตัวเองสูง แต่ในขณะเดียวกันก็รักสงบ รักเจ้าของ และขี้อ้อนมาก นอกจากนี้แมววิเชียรมาศยังมีลักษณะนิสัยช่างพูดคุย จนได้รับฉายาว่า Extremely talkative cat หรือแมวช่างพูด อันมีที่มาจากลักษณะนิสัยที่ชอบส่งเสียงร้อง ทั้งเพื่อพูดคุยกับเจ้าของ และบ่งบอกความต้องการของตัวเอง มีอุปนิสัยชอบเข้าสังคม และอยากรู้อยากเห็นสิ่งแปลกใหม่อยู่เสมอ หากใครชอบแมวที่มีนิสัยขี้อ้อน และช่างพูดคุยแล้ว แมววิเชียรมาศนับเป็นอีกสายพันธุ์หนึ่งที่ควรรับไว้พิจารณาเลยทีเดียว แมววิเชียรมาศยังได้ชื่อว่าเป็นแมวที่มีหูดี ประสาทสัมผัสไว และสามารถสัมผัสเสียงได้จากระยะไกลแตกต่างจากแมวชนิดอื่นที่มักมีปัญหาเกี่ยวกับการได้ยินอีกด้วย ลักษณะของแมวพันธุ์วิเชียรมาศโดยทั่วไปมีขนสั้นสีขาว หรือน้ำตาลอ่อน มีแต้มสีครั่ง หรือสีน้ำตาลไหม้ที่บริเวณใบหน้า หูทั้งสองข้าง เท้าทั้งสี่เท้า หาง และบริเวณอวัยวะเพศ รวมทั้งสิ้น 9 ตำแหน่ง ขณะที่เป็นลูกแมวจะมีขนสีครีมอ่อน หรือขาวนวล โดยสีของขนจะมีลักษณะเข้มขึ้นเมื่ออายุของแมวมากขึ้นตามลำดับ หัวมีลักษณะไม่กลมหรือแหลมเกินไป หน้าผากใหญ่และแบน จมูกสั้น หูใหญ่ ตั้งสูงเด่นอยู่บนหัว ตามีลักษณะสีฟ้าเหมือนแก้วใส หางยาว ปลายแหลมชี้ตรง โคนใหญ่และค่อยๆเล็กเรียวกลมไปจนสุดปลายหาง ขายาวเรียวได้สัดส่วนกับลำตัว ดวงตาสีฟ้าของแมวพันธุ์วิเชียรมาศได้รับการศึกษาพบว่า ลักษณะของยีนส์สีขนส่งผลต่อสีตา โดยยีนส์ที่ทำให้เกิดแต้มสีทั้ง 9 ตำแหน่งบนตัวของแมววิเชียรมาศนั้น ส่งผลยับยั้งการเจริญของเม็ดสีที่อยู่บนตาของแมว ทำให้แมววิเชียรมาศทุกตัวมีลักษณะตาสีฟ้าใสคล้ายแก้ว จนแมววิเชียรมาศได้รับการเรียกชื่ออีกชื่อหนึ่งว่าแมวแก้ว นอกจากนี้ยังมีงานวิจัยพบว่าลักษณะสีขนซึ่งถูกควบคุมด้วยยีนส์จำนวนหลายยีนส์ในแมววิเชียรมาศนั้น ส่งผลให้แมววิเชียรมาศมีขนสีขาวทั้งลำตัว แต่ด้วยลักษณะเด่นของยีนส์ดังกล่าว ส่งผลให้ลักษณะของสีขนสามารถเปลี่ยนไปได้ตามอุณหภูมิสิ่งแวดล้อมที่แมวอาศัยอยู่ โดยหากแมววิเชียรมาศอาศัยอยู่ในสิ่งแวดล้อมที่เย็น หรืออุณหภูมิต่ำกว่า 100 องศาฟาเรนไฮต์ จะส่งผลให้สีขนของแมววิเชียรมาศมีลักษณะที่เข้มขึ้น และเมื่ออยู่อาศัยในสิ่งแวดล้อมที่ร้อน หรืออุณหภูมิสูงกว่า 100 องศาฟาเรนไฮต์ จะส่งผลให้สีขนของแมววิ,https://www.purina.co.th/find-a-pet/cat/breed-library/siamese
cat,สฟิงซ์,จุดเด่นของแมวสฟิงซ์คือเป็นแมว “ไร้ขน” แม้ดูภายนอกจะเหมือนแมวไร้ขน แต่อันที่จริงแล้วสฟิงซ์มีขนนุ่มละเอียดปกคลุมทั่วรางกาย ให้สัมผัสเหมือนเปลือกลูกพีช แมวพันธุ์นี้ไม่มีหนวดและขนตา หัวมีรูปทรงคล้ายกับหัวของแมวเดวอน เร็กซ์ ดวงตาลึกกลมคล้ายเลมอน รูปร่างของสฟิงซ์บอบบางแต่มีกล้ามเนื้อ อกหนากลม ขาเรียวยาวและดูโก่งจากอกทรงกลม หางยาวเรียวและสากเมื่อสัมผัส แมวสฟิงซ์ตัวอุ่นนุ่มเมื่อสัมผัสจนได้รับฉายาว่าเป็น “กระเป๋าน้ำร้อนเดินได้” ผิวหนังบางส่วนบนหัว ข้างลำตัว และขามีรอยย่น แต่บริเวณอื่น ๆ จะตึงเรียบ นอกจากนี้ผิวหนังยังมีสีคล้ำอย่างเห็นได้ชัด ทั้งยังมีลวดลายและสีสันหลากหลาย แมวสฟิงซ์เข้าสังคมเก่ง ซุกซน เป็นมิตร และชอบให้คนสนใจ แมวไร้ขนพันธุ์นี้มักคอยต้อนรับเจ้าของเมื่อกลับถึงบ้าน และยังคุยเก่งอีกด้วย เป็นแมวที่ฉลาด ขี้เล่น และน่ากอด สฟิงซ์เป็นสุดยอดแมว “ขี้อ้อน” ชอบนอนใต้ผ้าห่มกับเจ้าของ อุณหภูมิร่างกายของสฟิงซ์สูงกว่าแมวทั่วไปโดยเฉลี่ย 1-2 องศา และกินเก่งมากซึ่งเป็นการชดเชยความร้อนที่สูญเสียไปจากร่างกาย ผู้เลี้ยงไม่ควรทิ้งสฟิงซ์ไว้ในที่หนาวเย็นเพราะเป็นสายพันธุ์ที่ไม่ทนอากาศหนาวจัด นอกจากนี้ยังไม่ชอบนั่งบนพื้นเย็น ๆ และชื่นชอบระบบทำความร้อนแบบทั่วทั้งหลังเป็นที่สุด ถ้าต้องพาออกนอกบ้านควรทาครีมกันแดดเพื่อปกป้องผิว ชื่ออื่น ๆ: แคนาเดียน แฮร์เลส แคท “แมวไร้ขน” มีประวัติยาวนานหลายชั่วอายุคน ว่ากันว่าชาวแอซเท็คก็เลี้ยงแมวไร้ขนด้วยเช่นกัน สฟิงซ์เป็นแมวไร้ขนสายพันธุ์แรกที่มีการเพาะพันธุ์เพื่อให้ได้ลักษณะนี้ โครงการเพาะพันธุ์เริ่มขึ้นเมื่อปีค.ศ.1966 ในรัฐออนแทรีโอ ประเทศแคนาดา เมื่อมีแมวบ้านให้กำเนิดลูกแมวเพศผู้ไร้ขนตัวหนึ่ง อย่างไรก็ดี แมวสฟิงซ์ส่วนใหญ่ในปัจจุบันมีเชื้อสายมาจากลูกแมวไร้ขนสามตัวในเมืองโทรอนโตในปีค.ศ.1978 แมวทุกตัวมีเอกลักษณ์เฉพาะตัว เมื่อพูดถึงอาหารแต่ละตัวจะมีความชอบ ไม่ชอบ และความต้องการแตกต่างกัน แมวเป็นสัตว์กินเนื้อและต้องได้รับสารอาหารต่าง ๆ ที่ครบถ้วน 41 ชนิดจากอาหารที่กินเข้าไป สัดส่วนของสารอาหารเหล่านี้แตกต่างกันไปตามอายุ วิถีชีวิต และสุขภาพโดยรวม จึงไม่ต้องแปลกใจไปหากลูกแมวที่กำลังโตและพลังล้นเหลือจะต้องการสารอาหารที่ต่างจากแมวสูงวัยที่ไม่ชอบขยับตัวไปไหน อีกข้อหนึ่งที่ต้องระลึกให้ขึ้นใจคือ ควรให้อาหารในปริมาณที่พอเหมาะ เพื่อรักษา “รูปร่างให้สมส่วน” ตามคำแนะนำของสายพันธุ์ และจัดอาหารสูตรเปียกหรือสูตรแห้งให้ตามที่แมวชอบ สายพันธุ์นี้มักมีปัญหาผิวหนัง รวมถึงผื่นคันและเชื้อรา ผู้เลียงต้องปกป้องผิวของแมวพันธุ์นี้จากการอักเสบของผิวไหม้แดด สฟิงซ์ก็เหมือนกับแมวทุกสายพันธุ์ที่ควรได้รับวัคซีนและตรวจสุขภาพเป็นประจำทุกปีเพื่อห่างไกลจากโรค แม้ว่าแมวสายพันธุ์นี้จะไม่ได้ชื่อว่าเป็นมิตรและรักเด็กเป็นอันดับต้น ๆ แต่แมวแต่ละตัวล้วนแตกต่างกัน หากฝึกให้คุ้นเคยกับเด็กแล้วย่อมอารมณ์ดีและอยู่ร่วมกับเด็กได้,https://www.purina.co.th/find-a-pet/cat/breed-library/sphynx
cat,อเมริกันช็อตแฮร์ (American Shorthair),ทำความรู้จักน้องแมวอเมริกัน ช็อตแฮร์ (American Shorthair) เชื่อว่าหลายๆ คนไม่ว่าจะอยู่ในวงการทาสแมวหรือไม่ เมื่อพูดถึงสายพันธุ์แมวก็ต้องนึกถึงน้องสายพันธุ์อเมริกัน ช็อตแฮร์ (American Shorthair) เป็นอันดับต้นๆ เรียกได้ว่าถึงไม่รู้จักแต่ก็ต้องเคยเห็นหน้ามาก่อนที่ไหนสักแห่ง แม้ว่าจะมีลายเต็มตัว แต่หัวใจของน้องแมวอเมริกัน ช็อตแฮร์ นั้นอ่อนโยนไม่แพ้ใคร สายครอบครัวที่อยากมีน้องแมวไว้เล่นกับเด็กๆ มาทางนี้ เพราะน้องแมวอเมริกัน ช็อตแฮร์ เป็นเพื่อนเล่นที่น่ารักของเด็ก รวมถึงสมาชิกตัวอื่นๆ ของครอบครัวด้วย เรียกว่าขึ้นแท่นลูกรักอันดับ 1 ของหลายๆ บ้านไปเรียบร้อยโรงเรียนแมวไปเลยทีเดียว เริ่มต้นด้วยการเป็นแมวที่ถูกเลี้ยงเอาไว้เพื่อล่าหนู แม้ว่าเมื่อเวลาผ่านไปบทบาทหน้าที่ตรงนั้นของน้องแมวอเมริกัน ช็อตแฮร์ จะลดน้อยลงและบทบาทของการเป็นสัตว์เลี้ยงของครอบครัวจะเพิ่มขึ้น แต่น้องแมวสายพันธุ์นี้ก็ยังดำรงไว้ซึ่งสัญชาตญาณของการเป็นนักล่าที่ดี แมวอเมริกัน ช็อตแฮร์ เรียกได้ว่ามีนิสัยที่ค่อนข้างจะเป็นกลางอย่างมาก ลักษณะภายนอกที่ดูสงบนิ่งแต่ก็ไม่ได้เฉื่อยชา น้องเป็นแมวที่ค่อนข้างตื่นตัวและชื่นชอบการเล่นอยู่พอสมควร ในขณะเดียวกันก็ไม่ได้ต้องการความสนใจและเวลาจากเจ้าของมากจนเกินไป ด้วยความเป็นแมวที่ถูกเลี้ยงไว้ใช้งานตั้งแต่ต้นทำให้แมวอเมริกัน ช็อตแฮร์ เป็นแมวที่ค่อนข้างฉลาดและชื่นชอบการเล่นของเล่นที่มีความซับซ้อน ต้องแก้ปัญหาหรือของเล่นที่สามารถโต้ตอบกับน้องแมวได้ ด้านการเข้าสังคมน้องแมวอเมริกัน ช็อตแฮร์ มักทำได้ดี น้องแมวมีความกล้าหาญและมักเข้ากันได้ดีกับคนแปลกหน้า ไม่ได้ขี้กลัวจนต้องวิ่งไปหลบอยู่ใต้ตู้ใต้เตียงเมื่อมีแขกมาเยี่ยมถึงบ้าน แต่ก็ไม่ได้หมายความว่าคุณคนแปลกหน้าใครจะอุ้มน้องไปไหนก็ได้นะ เมื่อพูดถึงการอุ้ม อเมริกัน ช็อตแฮร์ ไม่ใช่น้องแมวที่จะชอบให้คุณอุ้มเดินไปไหนต่อไหนอยู่ตลอดเวลา จงปล่อยให้เขาเดินบนขาน้อยๆ ทั้งสี่ของตัวเอง น้องอาจจะไม่ได้เป็นแมวที่เข้ามาอ้อนของนั่งบนตักของคุณ แต่น้องก็ยังชื่นชนชอบที่จะมีมุมเล็กๆ นั่งข้างๆ คุณบนโซฟาหรือบนเตียงนอน ลักษณะของขน และสีของแมวอเมริกัน ช็อตแฮร์ แมวอเมริกัน ช็อตแฮร์มีสีสันและลวดลายหลากหลาย มีสีตั้งแต่ซิลเวอร์ น้ำตาลอ่อน น้ำตาลแดง ส้ม เทาเข้ม และลวดลายตั้งแต่สีล้วน ลายแท็บบี้ ลายปลาสลิด สองสี สามสี ลายกระดองเต่า แต่ภาพจำที่นิยมที่สุดและเราดูจะคุ้นเคยเกี่ยวกับแมวอเมริกัน ช็อตแฮร์คงจะเป็นแพทเทิร์นที่เรียกว่า Silver classic tabby แมวอเมริกัน ช็อตแฮร์ เป็นน้องแมวที่มีขนสั้น ดังนั้นการดูแลเส้นขนของน้องแมวสายพันธุ์นี้จึงค่อนข้างง่ายและไม่ซับซ้อน และคุณแทบจะไม่ต้องเผชิญกับปัญหาขนร่วงติดตามเสื้อผ้าและเฟอร์นิเจอร์เท่ากับแมวสายพันธุ์อื่นๆ ที่มีขนยาว แน่นอนว่าการแปรงขนน้องแมวทุกวันเป็นเรื่องที่ควรทำอย่างเป็นประจำ แต่สำหรับน้องแมวอเมริกัน ช็อตแฮร์ การแปรงขนเพียงสัปดาห์ละสองครั้งเพื่อช่วยกำจัดเส้นขนที่ตายแล้วให้ร่วงหลุดออกไปก็เพียงพอ นอกจากจะช่วยในเรื่องของการผลัดขนแล้วยังช่วยกระตุ้นให้ผิวหนังของน้องสร้างน้ำมันเคลือบผิวเพื่อความชุ่มชื้นและขนที่สวยเงางามอีกด้วย ทั้งนี้ทั้งนั้นความหนาของเส้นขนรวมไปถึงปริมาณของการหลุดร่วงนั้นมีปัจจัยหลายอย่าง ไม่ว่าจะเป็นสุขภาพของน้องแมว ความแข็งแรงของเส้นขน สภาพอากาศและฤดูกาล ทั้งนี้อาจมีการเสริมสารอาหารที่มีวิตามินอี โอเมก้า 3 โอเมก้า 6 ให้กับน้องแมวเพื่อช่วยบำรุงผิวและเส้นขน ในความเป็นจริงประวัติของน้องแมวอเมริกัน ช็อตแฮร์ นั้นยังคงคลุมเครือไม่ชัดเจน แต่ที่ไม่ต้องสงสับก็คือน้องแมวเหล่านี้ลงเรือโดยสาร “Mayfl,https://www.purina.co.th/find-a-pet/cat/breed-library/american-shorthair
cat,ออสเตรเลียน มิสต์,แมวพันธุ์ออสเตรเลียน มิสต์เป็นแมวขนาดกลางที่มีรูปลักษณ์น่าหลงไหล มาพร้อมกับใบหน้ากลมโต ตาคม มีรูปร่างและหุ่นสมส่วน ดูพอดีไปหมด บวกกับลักษณะหน้าตาเป็นมิตร ส่วนขนของแมวพันธุ์นี้จะเป็นขนสั้น แน่น และเงางาม มีลวดลายสีอ่อน ดูนุ่มนวล จนบางทีก็กลมกลืนไปกับพื้นขน เสริมลุคให้แมวพันธุ์นี้สวยเตะตาคนได้ไม่ยาก อีกทั้งสีตาของเจ้าแมวออสเตรเลียน มิสต์ เป็นตาสีเขียว มีได้หลายเฉดขึ้นกับแมวแต่ละตัว แมวพันธุ์ออสเตรเลียน มิสต์เป็นพันธุ์ที่ขึ้นชื่อว่า เต็มไปด้วยความรักและมีความสุขในการอยู่ร่วมกับผู้คน รวมไปถึงเข้ากับสัตว์อื่นได้ดี ทำให้แมวพันธุ์นี้สามารถเข้ามาเป็นสมาชิกในครอบครัวได้ไม่ยาก ชื่ออื่น ๆ : สป็อตเต็ด มิสต์ (Spotted mist) แมวพันธุ์ออสเตรเลียนมิสต์ เป็นแมวที่ถูกพัฒนาสายพันธุ์มาในช่วงปี 1970s ที่ประเทศออสเตรเลีย โดยเกิดจากการผสมข้ามสายพันธุ์ ได้แก่ เบอร์มีส อะบิสซิเนียน และโดเมสติก ชอร์ตแฮร์ จนเกิดเป็นแมวลายจุดพันธุ์นี้ขึ้นมา ทำให้แต่เริ่มเดิมทีเจ้าออสเตรเลียน มิสต์ จึงถูกเรียกว่า สป็อตเต็ด มิสต์ (Spotted mist) หลังจากนั้นก็ได้มีการพัฒนาสายพันธุ์ไปเรื่อย ๆ จนเกิดเป็นลวดลายแบบต่าง ๆ ที่มีความซับซ้อนขึ้น รวมถึงลวดลายคล้ายลายหินอ่อน เจ้าแมวพันธุ์นี้จึงถูกเปลี่ยนชื่อพันธุ์ไปเป็น ออสเตรเลียน มิสต์ในปี 1998 โดยในปัจจุบัน ที่สหราชอาณาจักร รวมถึงยุโรป ยังมีแมวออสเตรเลียน มิสต์ไม่มากนัก แต่การพัฒนาสายพันธุ์ก็ยังดำเนินต่อไป เพื่อให้แมวพันธุ์นี้เป็นที่ยอมรับในองค์กรรับรองสายพันธุ์ต่าง ๆ แมวทุกตัวล้วนมีรสนิยมเฉพาะตัว ในเรื่องการกินก็มีสิ่งที่ชอบ สิ่งที่ไม่ชอบ และสิ่งที่ต้องการ แต่อย่างไรก็ตามแมวเป็นสัตว์กินเนื้อ และแมวทุกตัวจำเป็นต้องได้รับสารอาหารทั้งหมด 41 ชนิด ซึ่งจะได้รับทางการกินอาหารเท่านั้น โดยสัดส่วนความต้องสารอาหารนั้นจะแตกต่างกันไปในแต่ละตัว ขึ้นกับอายุ ไลฟ์สไตล์ และสภาวะสุขภาพโดยรวม ดังนั้นจึงไม่แปลกใจเลยที่ลูกแมววัยกำลังซนจะมีความต้องการสารอาหารแตกต่างจากแมวสูงวัยที่ไม่ค่อยวิ่งเล่นแล้ว และอีกสิ่งสำคัญที่ต้องระลึกไว้เสมอคือการให้อาหารในปริมาณที่เหมาะสม เพื่อคงหุ่นของแมวให้มีหุ่นที่ดีเสมอ โดยปริมาณการให้อาหารสามารถพิจารณาตามวิธีการให้อาหารของแต่ละผลิตภัณฑ์ และสามารถปรับปริมาณการให้ได้ตามความเหมาะสม ไม่ว่าจะเป็นอาหารเปียกหรืออาหารแห้งก็ตาม แมวพันธุ์ออสเตรเลียน มิสต์ อาจมีความเสี่ยงในการเป็นโรคเหล่านี้ได้ Pyruvate kinase deficiency ทำให้เกิดภาวะโลหิตจาง จากการตายของเม็ดเลือดแดง ภาวะจอประสาทตาเสื่อม (Progressive retinal atrophy) เป็นความผิดปกติที่สามารถถ่ายทอดทางพันธุกรรม และในที่สุดอาจส่งผลให้ตาบอดได้ Burmese head defect เป็นความผิดปกติของการเจริญเติบโต ทำให้โครงสร้างใบหน้าและกะโหลกผิดปกติ การมีพื้นที่กลางแจ้งบางส่วนในรูปแบบสวนที่ปลอดภัยสำหรับน้องแมว สนามวิ่งเล่นสำหรับแมว หรือห้องปิดกลางแจ้งก็คงดีไปเลยสำหรับน้องแมวพันธุ์นี้ ออสเตรเลียนมิสต์สนุกไปกับการได้ปีนป่ายขึ้นไปอาบแดด หรือสอดส่องความเป็นไปภายในบ้าน แต่อย่างไรก็ดีด้วยหน้าตาที่น่ารัก ดึงดูดผู้คน ก็มีความเสี่ยงที่จะโดนลักพาตัวไปได้เช่นกัน ฉะนั้นก็อย่าทิ้งน้องแมวไว้กลางแจ้งโดยที่ไม่มีคนเฝ้าดูล่ะ อุปกรณ์เสริมทักษะและความต้องการเฉพาะตัว กิจกรรมต่าง ๆ ที่ใช้ของเล่น ลูกบอล อุปกรณ์ให้อาหารลับสมองน้องแมว หรือใด ๆ ก็ตาม เป็นสิ่งที่เจ้าแมวออสเตรเลียน มิสต์ชอบ แต่ในขณะเดียวกันก็ชอบการนั่งบนตักดูทีวีไปกับคุณเจ้าของ หรือการได้คอยขัดขวางคุณเจ้าของ เวลาจะทำงาน แมวพวกนี้จริงจังกับการนอนบนตักพอ ๆ กับการเล่นไม้แมวเลยทีเดียว ซึ่,https://www.purina.co.th/find-a-pet/cat/breed-library/australian-mist
cat,รากามัฟฟิน,รากามัฟฟิน ชื่อนี้ได้มาเพราะความก้อนกลมโตน่ารักที่เหมือนกับมัฟฟิ่น โดยลักษณะแล้ว แมวพันธุ์นี้เป็นแมวขนาดใหญ่ ตัวแน่น โครงร่างเป็นทรงคล้ายสี่เหลี่ยมผืนผ้า อกกว้าง มีความทรงพลัง แต่ก็มีใบหน้าน่ารัก ด้วยรูปตาที่เป็นทรงคล้ายลูกวอลนัท ใบหูมีขนปกคลุม ท่าทีดูสง่างาม มาพร้อมกับขนกึ่งยาว (semi-long coat) ที่มีสัมผัสนุ่มฟู เสริมไปด้วยแผงคอยาวสลวย ขนหางฟู ๆ และอุ้งเท้าฟูนุ่ม แมวพันธุ์รากามัฟฟินเป็นแมวที่เต็มไปด้วยความรักเจ้าของและความเป็นมิตร เวลาโดนอุ้ม ก็เรียกได้ว่าพร้อมทิ้งตัวให้โดนอุ้มเสมอ อีกทั้งเจ้ารากามัฟฟินยังเป็นสมาชิกครอบครัวคนเก่ง ที่ชอบให้คนในบ้านมาลูบพุง ให้นอนตัก นอนกอด หรืออะไรก็ตามที่คนมาทำให้ แมวตัวนี้ก็ชอบไปหมดซะทุกอย่างเลย โดยไม่จำเป็นว่าจะต้องเป็นเจ้าของทำให้เท่านั้น แต่จะเป็นใครก็ได้ที่อยากมาเล่นกับเจ้าแมวพันธุ์นี้ น้องจึงได้สมญา “เจ้าแมวตีนตุ๊กแก” (Velcro Cat) เพราะความรักคนสุดๆนี่เอง นอกจากนี้รากามัฟฟิน ยังเข้ากันได้ดีกับสัตว์เลี้ยงอื่น ผู้มาเยือน และยังชอบออกไปเที่ยว ทำให้การเดินเล่นไปกับเจ้าของก็เป็นสิ่งที่แมวพันธุ์นี้ทำได้เช่นกัน อย่างไรก็ตามสิ่งสำคัญที่ต้องพึงระลึกไว้เสมอก็คือกว่าน้องจะโตเต็มที่ อาจต้องเวลาถึง 4 ปี ซึ่งหมายความว่า วัยเด็กของเจ้าแมวพันธุ์นี้ที่ยังคงความขี้เล่นซุกซนนุ่มฟูจะยังคงอยู่นานกว่าแมวทั่วไป อย่างที่ได้กล่าวไปแล้วว่ารากามัฟฟินสามารถเข้ากันได้ดีกับทุกคน รวมถึงเด็กและสัตว์เลี้ยงอื่นด้วย น้องเป็นแมวที่ขี้เล่น สนุกสนาน และฉลาดในการเล่นเกมแก้ปัญหา แต่บางทีถ้าน้องไม่เล่น ก็อาจเกิดจากความขี้เกียจด้วยส่วนหนึ่ง แต่ใครจะอดใจไม่เล่นกับเจ้ารากามัฟฟินได้ล่ะ ก็น้องน่ารักขนาดนี้ นอกจากนี้เจ้ารากามัฟฟินยังเป็นแมวฉลาดแสนรู้ที่สามารถสอนให้น้องคาบของมาให้หรือสอนให้เล่นอะไรที่ซับซ้อนขึ้นมาได้ และด้วยความที่เป็นน้องแมวนิ่ง ๆ รากามัฟฟินยังต้องการกิจกรรมที่ได้ทำร่วมกับเจ้าของ นอกเหนือไปจากการเล่นแบบปกติ เพื่อสร้างแรงจูงใจในการกิจกรรมและทำให้น้องเล่นกิจกรรมต่อไปได้ เพื่อคงสุขภาพที่ดีเอาไว้ แมวพันธุ์รากามัฟฟินเป็นแมวที่มีความใกล้ชิดกับแมวพันธุ์แร็กดอลล์ โดยรากามัฟฟินนั้นเกิดขึ้นมาในขณะที่นักปรับปรุงพันธุ์ต้องการปรับปรุงพันธุ์เพื่อให้ได้น้องแมวสีใหม่ ลวดลายแบบใหม่ รวมถึงต้องการเพิ่มความหลากหลายทางพันธุกรรมของแมวลักษณะนี้ เนื่องจากแต่เริ่มเดิมทีนั้นนักปรับปรุงพันธุ์แมวแร็กดอลล์นั้นเข้มงวดกับการคัดเลือกพันธุ์ให้ได้ลักษณะจำเพาะประจำพันธุ์ ความหลากหลายทางพันธุกรรมจึงมีไม่มาก และด้วยเหตุผลเหล่านี้เอง จึงทำให้น้องแมวพันธุ์รากามัฟฟินได้ถือกำเนิดขึ้น ในกระบวนการปรับปรุงพันธุ์จะมีวิธีการผสมแบบข้ามพันธุ์ อย่างเช่น การผสมแมวพันธุ์หิมาลายัน เปอร์เซีย และน้องแมวเลี้ยงขนยาวพันธุ์อื่น ๆ จนได้มาเป็นเจ้าแมวพันธุ์ใหญ่ที่มีขนกึ่งยาวหลากสีพันธุ์นี้ขึ้นมาได้ นอกจากนี้ยังแถมมาด้วยลักษณะนิสัยสุดชิล ซึ่งความสุด ๆ ของเจ้าแมวพันธุ์นี้ก็คือนิสัยปล่อยใจปล่อยจอย ชนิดที่ว่าอะไรจะเกิดก็ต้องเกิด อยู่ในความคิดของเจ้าแมวพันธุ์นี้ แมวทุกตัวล้วนมีรสนิยมเฉพาะตัว ในเรื่องการกินก็มีสิ่งที่ชอบ สิ่งที่ไม่ชอบ และสิ่งที่ต้องการ แต่อย่างไรก็ตามแมวเป็นสัตว์กินเนื้อ และแมวทุกตัวจำเป็นต้องได้รับสารอาหารทั้งหมด 41 ชนิด ซึ่งจะได้รับทางการกินอาหารเท่านั้น โดยสัดส่วนความต้องสารอาหารนั้นจะแตกต่างกันไปในแต่ละตัว ขึ้นกับอายุ ไลฟ์สไตล์ และสภาวะสุขภาพโดยรวม ดังนั้นจึงไม่แปลกใจเลยที่ลูกแมววัยกำลังซนจะมีความต้องการสารอาหารแตกต่างจากแมวสูงวัยที่ไม่ค่อยวิ่งเล่นแล้ว และอีกสิ่งสำคัญที่ต้องระลึกไ,https://www.purina.co.th/find-a-pet/cat/breed-library/ragamuffin
cat,ชินชิล่า,แมวชินชิล่าเป็นแมวที่มีลักษณะเป็นแมวเปอร์เซียที่มีสีจำเพาะ โดยมีความเหมือนกับแมวเปอร์เซียตรงที่มีขนยาวสลวยและตากลมโต แต่ถึงแม้ว่าจะมีความเป็นเปอร์เซีย แมวชินชิล่าก็ยังมีจุดแตกต่างจากแมวเปอร์เซียตรงที่มีโครงสร้างขนาดปานกลาง มีส่วนจมูกและปากยาวกว่า โดยรวมแล้วจะดูตัวเล็กกว่าแมวเปอร์เซีย อีกทั้งยังมีร่างกายกำยำ ดูแข็งแรง และยังมีอุ้งเท้าโต ๆ ลำตัวแน่น ๆ อีกด้วย ถ้าให้นึกบรรยากาศรอบตัวของแมวพันธุ์นี้ก็คงนึกถึงบรรยากาศที่เงียบและสงบ แมวชินชิล่าเป็นแมวที่ไม่ค่อยจะแอคทีฟสักเท่าไหร่ รวมไปถึงเป็นแมวที่ไม่ได้เรียกร้องอะไรกับเจ้าของมาก แต่ก็ไม่ได้หมายว่าแมวพันธุ์นี้จะไม่รักเจ้าของนะ เจ้าชินชิล่าเป็นแมวที่มีความซื่อสัตว์และรักเจ้าของมาก อีกทั้งชอบที่จะได้ใช้เวลากับเจ้าของอีกด้วย เพียงแต่ว่าเป็นแมวที่ไม่ค่อยชอบลุกขึ้นมาออกกำลังกาย เลยออกแนวเป็นแมวขี้เกียจไปบ้าง ดังนั้นจึงจะต้องใช้ของล่อตาล่อใจเพื่อให้น้องแมวพันธุ์นี้ได้ออกมาเล่น และถึงจะดูไม่ค่อยชอบออกไปไหนแต่การทิ้งแมวชินชิล่าไว้ที่บ้านเพียงลำพัง ก็อาจจะเหงาเกินไป โดยเฉพาะอย่างยิ่งถ้าหากทิ้งไว้เป็นเวลานาน ๆ แต่ถึงอย่างไรก็ตามแมวพันธุ์นี้ก็ยังพอเข้ากับสัตว์ตัวอื่นที่บ้านได้ดีถ้าหากได้เติบโตมาด้วยกันตั้งแต่เด็ก โดยรวมแล้วแมวพันธุ์นี้ชอบการได้นอนกอดเจ้าของ นอนให้เจ้าของแปรงขน หรือให้คุณเจ้าของเอาใจ มากกว่าการได้ทำกิจกรรมที่อึกทึกคึกโครม ดังนั้นถ้าจะคาดหวังกิจกรรมโลดโผนหรือพวกกิจกรรมที่มีความซับซ้อนจากแมวพันธุ์นี้ก็คงยากหน่อยล่ะ แมวชินชิล่าเป็นแมวที่ถูกพัฒนาสายพันธุ์จากแมวเปอร์เซียตั้งแต่ช่วงปลายศตวรรษที่ 18 โดยเป็นการคัดเลือกพันธุ์จากสี และได้ชื่อมาจากสัตว์ฟันแทะที่มีขนนุ่มสุด ๆ อย่างเจ้าชินชิล่า ที่มีลักษณะขนหนาสีขาวปลายเข้ม ทำให้ดูเป็นประกายสีเงินดึงดูดสายตาผู้คน แมวชินชิล่าได้ชื่อว่าเป็นแมวพันธุ์แรก ๆ ที่ถูกพัฒนาสายพันธุ์มาด้วยการคัดเลือกจากสีเพียงอย่างเดียวเท่านั้น แต่อย่างไรก็ตามในปัจจุบันผู้พัฒนาสายพันธุ์ก็ได้ให้ความสำคัญกับปัจจัยอื่น ๆ มากขึ้น ไม่ว่าจะเป็นโครงสร้าง ลักษณะนิสัย รวมไปถึงสภาวะสุขภาพด้วยเช่นกัน แมวทุกตัวล้วนมีรสนิยมเฉพาะตัว ในเรื่องการกินก็มีสิ่งที่ชอบ สิ่งที่ไม่ชอบ และสิ่งที่ต้องการ แต่อย่างไรก็ตามแมวเป็นสัตว์กินเนื้อ และแมวทุกตัวจำเป็นต้องได้รับสารอาหารทั้งหมด 41 ชนิด ซึ่งจะได้รับทางการกินอาหารเท่านั้น โดยสัดส่วนความต้องสารอาหารนั้นจะแตกต่างกันไปในแต่ละตัว ขึ้นกับอายุ ไลฟ์สไตล์ และสภาวะสุขภาพโดยรวม ดังนั้นจึงไม่แปลกใจเลยที่ลูกแมววัยกำลังซนจะมีความต้องการสารอาหารแตกต่างจากแมวสูงวัยที่ไม่ค่อยวิ่งเล่นแล้ว และอีกสิ่งสำคัญที่ต้องระลึกไว้เสมอคือการให้อาหารในปริมาณที่เหมาะสม เพื่อคงหุ่นของแมวให้มีหุ่นที่ดีเสมอ โดยปริมาณการให้อาหารสามารถพิจารณาตามวิธีการให้อาหารของแต่ละผลิตภัณฑ์ และสามารถปรับปริมาณการให้ได้ตามความเหมาะสม ไม่ว่าจะเป็นอาหารเปียกหรืออาหารแห้งก็ตาม แมวพันธุ์ชินชิล่าจัดว่าอยู่ในกลุ่มแมวพันธุ์หน้าสั้น ซึ่งมีโอกาสเสี่ยงที่เป็นโรคเหล่านี้ ได้แก่ แผลหลุมที่ตา (Eye ulcers) มีลักษณะเป็นแผลหลุมบนผิวดวงตาที่สร้างความเจ็บปวดให้กับแมวเป็นอย่างมาก ในแมวพันธุ์หน้าสั้นมักพบแผลหลุมที่ตาเนื่องจากลักษณะตาโปน ทำให้มีโอกาสสัมผัสกับสิ่งระคายเคืองได้ง่ายกว่าปกติ นอกจากนี้ยังมีโอกาสเสี่ยงที่จะมีภาวะดังนี้ Polycystic kidney disease เป็นภาวะที่ถ่ายทอดทางพันธุกรรม ซึ่งก่อให้เกิดถุงน้ำในไต ส่งผลต่อการทำงานของไต ไปจนถึงอาจทำให้เกิดภาวะไตวายได้ แมวชินชิล่าก็สามารถสนุกไปกับพื้นที่นอกบ้านได้เช่นกัน ดังนั้นพื้นที่สว,https://www.purina.co.th/find-a-pet/cat/breed-library/chinchilla
cat,เบอร์มิลลา,แมวเบอร์มิลลาเป็นแมวขนาดกลางขนสั้นที่มีร่างกายกำยำแข็งแรง โดยแมวเพศผู้จะดูกำยำอย่างเห็นได้ชัด ในขณะที่แมวเพศเมียจะดูสง่างามและสะโอดสะองกว่า เจ้าแมวเบอร์มิลลามีรูปทรงหัวที่ค่อนข้างกลม ใบหน้าเรียว ใบหูกว้าง ตาโตเป็นรูปทรงอัลมอนด์หลากหลายสีได้ตั้งแต่สีทองไปจนถึงสีเขียว ถ้าจะพูดถึงลักษณะขนของแมวพันธุ์นี้ จะเป็นขนสั้นเรียงตัวแน่น โดยที่ขนชั้น undercoat มีสีอ่อน ปลายขนสีเข้ม ทำให้สีขนดูเงางามคล้ายสีเงิน ซึ่งเสริมความโดดเด่นให้กับสีขนเข้มบริเวณรอบดวงตาและลวดลายคล้ายตัว M บริเวณหน้าผาก ทั้งนี้ลักษณะลวดลายและสีของแมวเบอร์มิลล่ายังถือว่ามีความจำเพาะ ดังนั้นจะมาเป็นแมวเบอร์มิลล่าเหมือนกันไม่ได้ ถ้าไม่ใช่สีหรือลวดลายที่กำหนดไว้ แมวพันธุ์เบอร์มิลลาเป็นแมวที่ขี้เล่นและชอบเข้าสังคม สามารถเข้ากับสัตว์เลี้ยงอื่นในบ้านได้ดี รวมถึงเด็ก ๆ ที่ปฏิบัติตัวกับแมวอย่างเหมาะสม แมวเบอร์มิลลาจะมีนิสัยที่คล้ายกับลูกแมวถึงแม้ว่าจะโตแล้ว และถึงแมวพันธุ์นี้จะมีนิสัยเป็นมิตร แต่ก็มีความเป็นอิสระ สามารถใช้ชีวิตตัวเดียวได้บ้างโดยที่ไม่เรียกร้องความสนใจจากเจ้าของมากเกินไป แมวพันธุ์เบอร์มิลล่าเป็นพันธุ์แมวที่เกิดขึ้นมาด้วยความบังเอิญ จากการผสมกันระหว่างพ่อแมวพันธุ์ชินชิล่าและแม่แมวพันธุ์เบอร์มีส ในสหราชอาณาจักรช่วงปี 1980’s ตอนต้น โดยลูกแมวที่เกิดมาทั้งสี่ตัวดึงดูดสายตาผู้คนด้วยลักษณะสีขนและแต้มสีขน จึงทำให้หลังจากนั้นมีการเพาะพันธุ์แมวพันธุ์นี้มากขึ้น แมวทุกตัวล้วนมีรสนิยมเฉพาะตัว ในเรื่องการกินก็มีสิ่งที่ชอบ สิ่งที่ไม่ชอบ และสิ่งที่ต้องการ แต่อย่างไรก็ตามแมวเป็นสัตว์กินเนื้อ และแมวทุกตัวจำเป็นต้องได้รับสารอาหารทั้งหมด 41 ชนิด ซึ่งจะได้รับทางการกินอาหารเท่านั้น โดยสัดส่วนความต้องสารอาหารนั้นจะแตกต่างกันไปในแต่ละตัว ขึ้นกับอายุ ไลฟ์สไตล์ และสภาวะสุขภาพโดยรวม ดังนั้นจึงไม่แปลกใจเลยที่ลูกแมววัยกำลังซนจะมีความต้องการสารอาหารแตกต่างจากแมวสูงวัยที่ไม่ค่อยวิ่งเล่นแล้ว และอีกสิ่งสำคัญที่ต้องระลึกไว้เสมอคือการให้อาหารในปริมาณที่เหมาะสม เพื่อคงหุ่นของแมวให้มีหุ่นที่ดีเสมอ โดยปริมาณการให้อาหารสามารถพิจารณาตามวิธีการให้อาหารของแต่ละผลิตภัณฑ์ และสามารถปรับปริมาณการให้ได้ตามความเหมาะสม ไม่ว่าจะเป็นอาหารเปียกหรืออาหารแห้งก็ตาม แมวพันธุ์เบอร์มิลลาเป็นแมวที่ขี้เล่นและชอบเข้าสังคม สามารถเข้ากับสัตว์เลี้ยงอื่นในบ้านได้ดี รวมถึงเด็ก ๆ ที่ปฏิบัติตัวกับแมวอย่างเหมาะสม แมวเบอร์มิลลาจะมีนิสัยที่คล้ายกับลูกแมวถึงแม้ว่าจะโตแล้ว และถึงแมวพันธุ์นี้จะมีนิสัยเป็นมิตร แต่ก็มีความเป็นอิสระ สามารถใช้ชีวิตตัวเดียวได้บ้างโดยที่ไม่เรียกร้องความสนใจจากเจ้าของมากเกินไป แมวพันธุ์เบอร์มิลล่าเป็นพันธุ์แมวที่เกิดขึ้นมาด้วยความบังเอิญ จากการผสมกันระหว่างพ่อแมวพันธุ์ชินชิล่าและแม่แมวพันธุ์เบอร์มีส ในสหราชอาณาจักรช่วงปี 1980’s ตอนต้น โดยลูกแมวที่เกิดมาทั้งสี่ตัวดึงดูดสายตาผู้คนด้วยลักษณะสีขนและแต้มสีขน จึงทำให้หลังจากนั้นมีการเพาะพันธุ์แมวพันธุ์นี้มากขึ้น แมวพันธุ์เบอร์มิลลา อาจมีความเสี่ยงในการเป็นโรคเหล่านี้ได้ แมวเบอร์มิลล่าสามารถสนุกไปกับพื้นที่สวนที่ปลอดภัยหรือทางเดินที่ทำสำหรับแมวโดยเฉพาะ ซึ่งมีกิ่งก้านให้ปีนป่าย มีทางลาดให้เดิน และมีพื้นที่ให้อาบแดด จะช่วยให้น้องแมวสามารถทำกิจกรรมกลางแจ้งได้อย่างปลอดภัย แต่ก็ต้องระวังนิสัยที่เป็นมิตร ไปไหนไปกันของแมวพันธุ์นี้ โดยไม่ควรปล่อยน้องแมวไว้นอกบ้านเพียงลำพัง เพราะอาจทำให้น้องโดนโจรลักพาตัวไปหรือตัวน้องแมวเองอาจจะหนีเที่ยวก็เป็นได้ อุปกรณ์เสริมทักษะและความต้องการเฉพาะตัว ถึงแม้น,https://www.purina.co.th/find-a-pet/cat/breed-library/burmilla
cat,เบอร์แมน,“แมวเบอร์แมน” หนึ่งในสมาชิกของกลุ่มแมวแต้มสี ผู้มาพร้อมกับจุดสีบนร่างกายอันงดงาม ขนของพวกเขามักมีสีขาวครีมดูปราดเปรียว พร้อมจุดสีน้ำตาลเข้มหรือดำ โดยเฉพาะบริเวณใบหน้า ใบหู ขา และหาง พวกเขามีขนยาวระดับปานกลางอันนุ่มลื่น ดูมีระดับ มาพร้อมกับดวงตาสีน้ำเงินเข้มอันสดใส นอกจากนี้ยังมีเอกลักษณ์บริเวณอุ้งเท้า (ที่มองยังไงก็เหมือนกำลังสวมถุงเท้าสีขาว ดูน่ารักน่าชังมากเลยทีเดียว) ภายใต้ขนอันหนานุ่มซ่อนไว้ซึ่งกล้ามเนื้ออันงดงาม โดยเบอร์แมนจัดอยู่ในกลุ่มแมวขนาดปานกลาง มีใบหน้ากลมมนแลดูน่ารัก เหมาะสำหรับเหล่าทาสแมวที่กำลังมองหาแมวอันโดดเด่น มีระดับ แต่ก็ยังคงไว้ซึ่งความเป็นกันเองมากเลยทีเดียว ด้วยความที่แมวเบอร์แมนผ่านการเพาะพันธุ์จากมนุษย์มาหลากหลายยุคสมัยเพื่อให้ได้มาซึ่งสีสันอันงดงาม ถูกตาต้องใจเหล่าทาสแมวหลาย ๆ คน แมวเบอร์แมนจึงมีความคุ้นชินกับมนุษย์เป็นอย่างมาก ส่งผลให้พวกเขามีความเป็นกันเองอย่างไม่ต้องสงสัย สามารถอยู่ร่วมกันกับมนุษย์ได้อย่างผ่อนคลาย และไร้ซึ่งความดุร้ายใด ๆ ทั้งสิ้น เบอร์แมนชอบการอยู่กับผู้คน รักการเล่นสนุกกับมนุษย์ และมีสัญชาตญาณการล่าในระดับต่ำ ดังนั้นจึงไม่ต้องแปลกใจไปหากคุณจะเห็นแมวเบอร์แมนสามารถอยู่ร่วมกันกับทุกคนในครอบครัว (รวมถึงเพื่อน ๆ สุนัขและแมวตัวอื่น ๆ ในบ้าน) ได้อย่างไร้ข้อพิพาทใด ๆ ทั้งสิ้น และถึงแม้ว่าแมวเบอร์แมนจะไม่ถึงกับชอบส่งเสียงโหวกเหวก โวยวาย หรือส่งเสียงดังน่ารำคาญ แต่ในบางครั้งพวกเขาก็อาจจะแอบชอบชวนคุย ส่งเสียงครางในลำคอได้บ้างเหมือนกัน ต้นกำเนิดที่แน่ชัดของแมวพันธุ์เบอร์แมนอาจไม่ชัดเจนมากนัก แต่มีตำนานได้กล่าวไว้ว่า “แมวเบอร์แมน” คือของขวัญจากเทพเจ้าผู้มีดวงตาสีฟ้าอันงดงาม มอบให้แก่นักบวชผู้บูชาและหลงไหลในแมว เทพเจ้าได้ดลบันดาลให้แมวเบอร์แมนมีขนสีทองอันงดงาม แต่ยังคงไว้ซึ่งอุ้งเท้าทั้งสี่ข้างอันมีสีขาวเพื่อเป็นสัญลักษณ์ของความบริสุทธิ์ อย่างไรก็ตาม แมวเบอร์แมนถูกระบุไว้ในหน้าประวัติศาสตร์ครั้งแรกที่ประเทศฝรั่งเศส ในปี 1925 และประเทศอังกฤษ โดยสมาคมผู้เลี้ยงแมว (Governing Council of Cat Fanciers) ในปี 1966 ซึ่งยังคงเป็นที่นิยมและถูกเลี้ยงมาจนถึงปัจจุบัน แมวทุกตัวล้วนมีรสนิยมเฉพาะตัว ในเรื่องการกินก็มีสิ่งที่ชอบ สิ่งที่ไม่ชอบ และสิ่งที่ต้องการ แต่อย่างไรก็ตามแมวเป็นสัตว์กินเนื้อ และแมวทุกตัวจำเป็นต้องได้รับสารอาหารทั้งหมด 41 ชนิด ซึ่งจะได้รับทางการกินอาหารเท่านั้น โดยสัดส่วนความต้องสารอาหารนั้นจะแตกต่างกันไปในแต่ละตัว ขึ้นกับอายุ ไลฟ์สไตล์ และสภาวะสุขภาพโดยรวม ดังนั้นจึงไม่แปลกใจเลยที่ลูกแมววัยกำลังซนจะมีความต้องการสารอาหารแตกต่างจากแมวสูงวัยที่ไม่ค่อยวิ่งเล่นแล้ว และอีกสิ่งสำคัญที่ต้องระลึกไว้เสมอคือการให้อาหารในปริมาณที่เหมาะสม เพื่อคงหุ่นของแมวให้มีหุ่นที่ดีเสมอ โดยปริมาณการให้อาหารสามารถพิจารณาตามวิธีการให้อาหารของแต่ละผลิตภัณฑ์ และสามารถปรับปริมาณการให้ได้ตามความเหมาะสม ไม่ว่าจะเป็นอาหารเปียกหรืออาหารแห้งก็ตาม โดยทั่วไปแล้ว แมวเบงกอลก็เป็นแมวที่มีสุขภาพแข็งแรง เพียงแต่อาจมีความเสี่ยงต่อบางโรค เช่น ภาวะกล้ามเนื้อหัวใจหนาตัว (hypertrophic cardiomyopathy) เป็นภาวะที่กล้ามเนื้อหัวใจหนาตัวขึ้นอย่างผิดปกติ ส่งผลให้การบีบตัวของหัวใจผิดปกติไปด้วย โรคถุงน้ำในไต (polycystic kidney disease) เป็นโรคที่พบได้ตั้งแต่กำเนิดโดยมักพบลักษณะของถุงน้ำในเนื้อเยื่อไต ซึ่งส่งผลต่อการทำงานของไตให้เกิดความผิดปกติ และเป็นที่มาของภาวะไตวายได้ อย่างไรก็ตามในกลุ่มของแมวที่มีความเสี่ยงของการป่วยด้วยโรคนี้ แมวเบอร์แมนนับว่ามีความเสี่ยงต่ำกว,https://www.purina.co.th/find-a-pet/cat/breed-library/birman
cat,เบงกอล,"แมวเบงกอล ผู้มาพร้อมขนเงาสลวย ร่างกายกำยำ จนบางมุมก็ดูเหมือนแมวป่า ที่ถูกเสริมลุคด้วยลวดลายคล้ายลายหินอ่อนปะปนไปกับลายจุด ลักษณะขนเป็นแผงขนหนา เงางาม ทำให้มีภาพลักษณ์ที่ดูน่าหลงใหล แต่ถ้าว่าด้วยเรื่องรูปร่าง แท้จริงแล้วแมวพันธุ์นี้ก็มีโครงร่างคล้ายกับแมวทั่วไป ที่มีรูปร่างปราดเปรียว ใบหูเล็ก ใบหน้าเรียว และอุ้งเท้าเรียบร้อยน่ารัก แมวเบงกอลสามารถเป็นสัตว์เลี้ยงชั้นเลิศได้ เมื่อได้อยู่กับเจ้าของผู้มีประสบการณ์การเลี้ยง แต่คงจะเข้ากันได้ดียิ่งกว่า หากคุณเจ้าของเป็นคนที่ชื่นชอบน้องแมวที่มีความเป็นสุนัข คือมีความแอคทีฟและช่างสงสัย เจ้าแมวเบงกอลสามารถสนุกได้กับทุกสิ่งไม่ว่าจะเป็นของเล่น เกม หรืออุปกรณ์เสริมทักษะ ซึ่งถ้าคุณต้องการน้องแมวที่นอนดูของเล่นหรือของตกแต่งเฉย ๆ แมวเบงกอลก็คงไม่ใช่คำตอบสำหรับคุณแล้วแหละ ! เพราะแมวพันธุ์นี้สนุกไปกับทุกอย่าง แม้แต่สิ่งที่ดูเรียบง่ายที่สุด อย่างการเปิดน้ำให้ไหลไปเรื่อย ๆ ก็สร้างความบันเทิงให้กับแมวเบงกอลได้แล้ว (ระวังไว้ล่ะ เจ้าแมวพวกนี้อาจจะแอบจ้องแก้วน้ำของคุณอยู่ !) นอกจากนี้แมวเบงกอลยังชอบเล่นกับคน เรียกได้ว่าเล่นด้วยกันได้เป็นชั่วโมง ๆ เลย ถ้าคุณต้องการ (หรือถ้าไม่ ก็ยังเล่นอยู่ดีแหละนะ) และขอบอกไว้เลยว่าแมวแบงกอลไม่ใช่แมวนอนตัก เพราะเป็นแมวที่ไม่ค่อยว่าง ต้องการจะเล่น จะให้มานอนเฉย ๆ บนตักนาน ๆ ก็คงจะไม่ได้ และโดยทั่วไปแมวเบงกอลก็ไม่ใช่แมวที่เสียงดังหรอก แต่ถ้าคุณเจ้าของไม่สนใจหรือน้องแมวไปเจออะไรที่ไม่ได้ดั่งใจ ก็อาจจะวีนเสียงดังขึ้นมาได้เหมือนกัน แมวเบงกอลค่อนข้างเป็นแมวยุคใหม่ ถูกพัฒนาสายพันธุ์มาในช่วงปี 1990s ที่ประเทศสหรัฐอเมริกา โดยเกิดจากการผสมระหว่างแมวดาวสายพันธุ์เอเชีย (Asian Leopard Cat, Prionailurus bengalensis; แมวป่าขนาดเล็ก มีลักษณะเป็นลายพาด มาจากเอเชียตะวันตกเฉียงใต้) กับแมวบ้านลายแท็บบี้ และแมวขนสั้นพันธุ์อื่น เช่น อะบิสซิเนียน, เบอร์มีส และอียิปต์เทียน โม โดยวัตถุประสงค์ตั้งต้นของการพัฒนาสายพันธุ์นี้คือ การสร้างแมวเลี้ยงนิสัยน่ารักที่มีหน้าตาคล้ายเสือดาวขนาดเล็ก เพื่อเป็นทางเลือกไม่ให้คนเอาแมวป่ามาเลี้ยง นอกจากนี้คือเรื่องมุมมองการเลี้ยงของเจ้าของ ถ้าเป็นเจ้าของมีมุมมองการเลี้ยงที่ดีควรบันทึก “F number” ซึ่งเป็นเลขที่บอกรุ่นของแมวแต่ละตัวเอาไว้ โดยลูกรุ่นแรกที่เกิดจากการผสมข้ามสายพันธุ์จะได้เลข F1 (หมายถึงลูกของแมวป่าผสมกับแมวบ้าน) ซึ่งในอังกฤษ ถือว่ายังเป็นรุ่นที่ต้องขอใบอนุญาตเลี้ยงสัตว์ป่าอันตราย แต่ถ้าเป็นรุ่น F2 เป็นต้นไปก็สามารถเลี้ยงได้โดยไม่ต้องขอใบอนุญาตแล้ว แมวทุกตัวล้วนมีรสนิยมเฉพาะตัว ในเรื่องการกินก็มีสิ่งที่ชอบ สิ่งที่ไม่ชอบ และสิ่งที่ต้องการ แต่อย่างไรก็ตามแมวเป็นสัตว์กินเนื้อ และแมวทุกตัวจำเป็นต้องได้รับสารอาหารทั้งหมด 41 ชนิด ซึ่งจะได้รับทางการกินอาหารเท่านั้น โดยสัดส่วนความต้องสารอาหารนั้นจะแตกต่างกันไปในแต่ละตัว ขึ้นกับอายุ ไลฟ์สไตล์ และสภาวะสุขภาพโดยรวม ดังนั้นจึงไม่แปลกใจเลยที่ลูกแมววัยกำลังซนจะมีความต้องการสารอาหารแตกต่างจากแมวสูงวัยที่ไม่ค่อยวิ่งเล่นแล้ว และอีกสิ่งสำคัญที่ต้องระลึกไว้เสมอคือการให้อาหารในปริมาณที่เหมาะสม เพื่อคงหุ่นของแมวให้มีหุ่นที่ดีเสมอ โดยปริมาณการให้อาหารสามารถพิจารณาตามวิธีการให้อาหารของแต่ละผลิตภัณฑ์ และสามารถปรับปริมาณการให้ได้ตามความเหมาะสม ไม่ว่าจะเป็นอาหารเปียกหรืออาหารแห้งก็ตาม โดยทั่วไปแล้ว แมวเบงกอลก็เป็นแมวที่มีสุขภาพแข็งแรง เพียงแต่อาจมีความเสี่ยงต่อบางโรค เช่น ภาวะกล้ามเนื้อหัวใจหนาตัว (Hypertrophic cardiomyopathy) เป็นภาวะที่กล้ามเนื้",https://www.purina.co.th/find-a-pet/cat/breed-library/bengal
dog,สุนัขอัฟกัน ฮาวนด์,สุนัขอัฟกัน ฮาวด์ เป็นสุนัขล่าเนื้อที่ดูสง่าผ่าเผย ยืนตระหง่านอย่างงดงามและภาคภูมิใจ โดดเด่นด้วยขนยาวเป็นมันเงา เป็นสุนัขสายพันธุ์ใหญ่ เมื่อโตเต็มวัยอาจสูง 68 ถึง 74 ซม. โดยเพศเมียจะสูงน้อยกว่า อยู่ที่ประมาณ 63 ถึง 69 ซม. ขนมันเงางามมีครบทุกสี ตั้งแต่สีดำไปจนถึงสีเงิน อาจมีเพียงสีเดียวหรือไล่สี พร้อมลวดลายหลากหลาย น้ำหนักเฉลี่ยอยู่ที่ประมาณ 25 กก. โดยมีช่วงน้ำหนักอยู่ที่ประมาณ 20 ถึง 27 กก. ขึ้นอยู่กับเพศและรูปร่างของสุนัข สุนัขสายพันธุ์ใหญ่ต้องการสารอาหารที่สมดุล มีแร่ธาตุและวิตามินที่ต่างไปจากอาหารของสุนัขสายพันธุ์เล็ก สุนัขอัฟกัน ฮาวด์มักมีปัญหาเรื่องกระเพาะอาหารและท้องอืด การให้สุนัขกินน้อยลง แต่กินบ่อยครั้งจะช่วยลดความเสี่ยงของอาการเหล่านี้ได้ สุนัขอัฟกัน ฮาวด์ที่โตเต็มวัยต้องออกกำลังกายอย่างน้อย 2 ชั่วโมงขึ้นไปต่อวัน เป็นสุนัขที่รักการวิ่งอย่างอิสระ ชอบการไล่ล่า ต้องฝึกให้สุนัขจำชื่อตัวเองให้ดีก่อนปล่อยให้ออกกำลังกายในพื้นที่เปิดโล่งและห่างไกลจากการจราจร สุนัขอัฟกัน ฮาวด์โดยทั่วไปมีสุขภาพแข็งแรง และมีปัญหาเฉพาะของสายพันธุ์บ้างเล็กน้อย สุนัขอัฟกันฮาวด์ เป็นสุนัขขนาดใหญ่จึงชอบพื้นที่กว้างทั้งในและนอกบ้าน สิ่งสำคัญที่สุดคือการได้วิ่งเล่นอย่างปลอดภัย ห่างไกลถนนและสิ่งอันตราย สุนัขอัฟกันฮาวด์ไม่ชอบถูกฝึก แต่การฝึกให้เข้าสังคมและการฝึกใช้สายจูงแต่เนิ่น ๆ เป็นสิ่งจำเป็น เจ้าของควรพยายามฝึกให้สุนัขมาหาเมื่อเรียกชื่อ แต่ถ้าเขาเห็นกระรอกเมื่อไหร่ก็อย่าคาดหวังสูง เพราะเมื่อไหร่ที่สุนัขอัฟกันฮาวด์มีโอกาสได้ล่าเหยื่อ หรือแค่วิ่งไปวิ่งมา เรื่องอื่นก่อนหน้านั้นก็ลืมจะไปจนหมดสิ้น หากต้องอยู่ร่วมชายคากับแมว ลูกสุนัขควรมาจากฟาร์มเพาะพันธุ์ที่เลี้ยงสุนัขและแมวด้วยกัน มิเช่นนั้นจะต้องให้เวลาและดูแลเขาสักพัก ไม่ควรปล่อยให้สุนัขอัฟกันฮาวด์อยู่กับแมวแปลกหน้าหรือสัตว์เล็กอื่น ๆ แม้สุนัขส่วนใหญ่จะเป็นมิตรกับเด็ก แต่ทั้งสุนัขอัฟกัน ฮาวด์และเด็กจะต้องได้รับการฝึกให้เคารพซึ่งกันและกัน ถึงจะอยู่ร่วมกันได้อย่างปลอดภัย อย่างไรก็ตามไม่ควรปล่อยให้เด็กเล็กและสุนัขอยู่ด้วยกันตามลำพัง ควรเฝ้าระวังทุกครั้งที่เด็กเล่นกับสุนัข ด้วยความเร็วอันน่าทึ่ง เคยมีผู้ลองให้สุนัขอัฟกันฮาวด์ ไปทดลองวิ่งในสนามแข่งกับสุนัขเกรย์ฮาวด์ แต่ไม่ประสบความสำเร็จ เพราะสุนัขพันธุ์อัฟกันฮาวด์เป็นสุนัขฉลาดและเจ้าความคิด จะไม่สามารถบังคับให้วิ่งอยู่ในลู่ เพราะอัฟกันฮาวด์สามารถวิ่งตัดทางเพื่อดักหน้าเหยื่อได้สบาย ๆ สุนัขอัฟกันฮาวด์ เป็นหนึ่งในสุนัขสายพันธุ์ที่เก่าแก่ที่สุด ตำนานเล่าว่าสายพันธุ์นี้เป็นหนึ่งในสัตว์ที่ได้รับการช่วยเหลือขึ้นไปบนเรือโนอาห์ สุนัขอัฟกันฮาวด์คือหนึ่งในสายพันธุ์สุนัขที่วิ่งเร็วที่สุดในโลก ด้วยความเร็วสูงสุดถึง 60 กิโลเมตรต่อชั่วโมง สุนัขอัฟกันฮาวด์ เป็นหนึ่งในสายพันธุ์สุนัขที่ปิกัสโซโปรดปราน สุนัขพันธุ์นี้มีต่อมกลิ่นอยู่บริเวณแก้มและส่งกลิ่นสาบเฉพาะตัวที่ว่ากันว่าค่อนข้างหอมเลยทีเดียว,https://www.purina.co.th/find-a-pet/dog/breed-library/afghan-hound
dog,สุนัขอลาสกัน มาลามิวท์,สุนัขอลาสกัน มาลามิวท์มีหน้าตาคล้ายหมาป่า เป็นสุนัขสายพันธุ์ใหญ่ รูปร่างสง่างามและมีลักษณะเฉพาะของสายพันธุ์สปิตซ์ คือ หางม้วนโค้งไปถึงหลัง ขนหนา หูตั้ง และโครงหน้าคล้ายสามเหลี่ยมกลับหัว สุนัขอลาสกัน มาลามิวท์ เพศผู้หากโตเต็มวัยจะสูง 64-71 ซม. ส่วนเพศเมียจะสูง 58-66 ซม. และหนักประมาณ 38-56 กก. ขนของสุนัขพันธุ์นีมีหลากสีหลายเฉด ตั้งแต่สีขาวหรือเทาอ่อนไปจนถึงสีดำจากสีทองไปจนถึงสีแดงและสีเงิน พร้อมลายต่าง ๆ ถึงสุนัขอลาสกัน มาลามิวท์จะดูเหมือนหมาป่า แต่มีนิสัยน่าเอ็นดูและเป็นมิตร อาจไม่เหมาะกับมือใหม่หัดเลี้ยงสุนัข เนื่องจากเป็นสายพันธุ์ที่ชอบขุดและเห่าหอน มีสัญชาตญาณในการล่าสูง โดยเฉพาะกับเหยื่อที่ตัวเล็กอย่าง กระรอก แมว และสุนัขขนาดเล็ก จึงจำเป็นที่จะต้องฝึกให้เขาเข้าสังคมตั้งแต่เนิ่น ๆ และฝึกทักษะอื่น ๆ อย่างต่อเนื่องไปตลอดชีวิต รวมถึงการฝึกเรียกให้มาหาด้วย ชนเผ่าเร่ร่อน “อินูอิต” ทางตะวันตกเฉียงเหนือของอลาสกา หรือที่เรียกว่าชาว “มาเลมุตส์” (Mahlemuts) นำสุนัขสายพันธุ์นี้มาช่วยลากของหนักในสภาพอากาศที่โหดร้ายและเป็นเพื่อนคู่ใจในการล่าสัตว์ สุนัขอลาสกัน มาลามิวท์ มีบรรพบุรุษเดียวกันกับสุนัขสายพันธุ์อื่นในแถบขั้วโลก เช่น ซามอยด์ และไซบีเรียนฮัสกี แต่สุนัขพันธุ์นี้ไม่ได้เกิดมาเพื่อแข่งขันด้านความไว แต่เป็นด้านพละกำลัง สุนัขอลาสกัน มาลามิวท์มีขนหนาสองชั้น มีร่างกายกำยำแข็งแกร่งและอดทน จึงไม่แปลกที่สุนัขพันธุ์นี้จะช่วยลากหรือบรรทุกของในการเดินทางแถบขั้วโลกได้ สุนัขสายพันธุ์ใหญ่ ย่อมต้องการอาหารมื้อใหญ่และสารอาหารที่สมดุล มีแร่ธาตุและวิตามินที่ต่างไปจากอาหารของสายพันธุ์ขนาดเล็ก สุนัขอลาสกัน มาลามิวท์มักมีอาการท้องอืดและปัญหาเกี่ยวกับกระเพาะอาหาร การให้สุนัขกินน้อยลงแต่บ่อยครั้งยิ่งขึ้นอาจช่วยลดความเสี่ยงของอาการเหล่านี้ได้ สุนัขอลาสกัน มาลามิวท์ต้องได้ออกกำลังกายอย่างน้อย 2 ชั่วโมงต่อวัน สุนัขพันธุ์นี้ชอบดึง จึงต้องฝึกเดินตามสายจูงแต่เนิ่น ๆ และควรหลีกเลี่ยงการออกกำลังกายอย่างหนักช่วงอากาศร้อน สุนัขอลาสกัน มาลามิวท์ ก็เหมือนสุนัขอีกหลายสายพันธุ์ที่อาจมีปัญหาตาตามกรรมพันธุ์ และป่วยเป็นโรคข้อสะโพกเสื่อม จึงควรตรวจสุขภาพตาและสะโพกของสุนัขก่อนผสมพันธุ์ บ้านหลังใหญ่พร้อมสวนที่มีรั้วรอบขอบชิดเป็นที่ที่เหมาะกับสุนัขอลาสกัน มาลามิวท์มาก เพราะสามารถวิ่งเล่นได้ทุกวัน สุนัขพันธุ์นี้อาจจะไม่เหมาะกับการเลี้ยงในเมือง เพราะมักจะชอบหอน จะให้ดีควรเลี้ยงในบ้านที่อยู่ห่างไกลจากบ้านคนอื่น ๆ เพราะด้วยขนาดตัวที่ใหญ่ สุนัขพันธุ์นี้จำเป็นต้องได้รับการฝึกพื้นฐาน เพราะสุนัขอลาสกัน มาลามิวท์มีสัญชาตญานการลากเลื่อนอยู่มาก ดังนั้นการพาเดินต้องให้สุนัขนำและต้องใช้สายแบบคล้องตัวเพื่อจะได้หยุดสุนัขได้ในเวลาที่ต้องการ การเดินเล่นแบบทั่ว ๆ ไปเป็นสิ่งสุนัขอลาสกัน มาลามิวท์รู้สึกเฉย ๆ เพราะสุนัขพันธุ์นี้ต้องการการวิ่งและฝึกเล่นกีฬาอย่าง Canicross (วิ่งทางไกลพร้อมเจ้าของ) เพื่อปลดปล่อยพฤติกรรมดั้งเดิมของสุนัขสายพันธุ์นี้ สามารถพูดได้เลยว่าสุนัขอลาสกัน มาลามิวท์ต้องคู่กับเจ้าของที่กระตือรือร้นพร้อมให้สุนัขวิ่งออกกำลังไปด้วยกัน การฝึกให้สุนัขมาหาเวลาเรียกก็สำคัญมาก ๆ ซึ่งควรสอนและฝึกให้สุนัข แต่อย่าคาดหวังมากเวลาที่ออกไปข้างนอกแล้วสุนัขเจอเข้ากับกระรอก เพราะถ้าถึงเวลานั้นจะพูดอะไรไปสุนัขก็ไม่ได้ยินแล้ว หากต้องเลี้ยงสุนัขอลาสกัน มาลามิวท์นี้ร่วมกับสัตว์อื่น ควรฝึกให้เข้าสังคมแต่เนิ่น ๆ และควรจับตาดูแลตลอดถึงจะผ่านการฝึกก็ตาม แม้สุนัขส่วนใหญ่จะเป็นมิตรกับเด็ก แต่ทั้งสุนัขอลาสกัน มาลามิวท์และเด็ก,https://www.purina.co.th/find-a-pet/dog/breed-library/alaskan-malamute
dog,สุนัขบาเซนจิ,สุนัขบาเซนจิ ถือเป็นสุนัขสายพันธุ์เล็กถึงกลาง โดดเด่นด้วยพวงหางที่ม้วนงอและหน้าผากย่น ขนสั้น เรียบ เป็นมันเงา มีให้เลือกทั้งแบบ 2 สี คือน้ำตาลแดงและสีขาว สีดำและสีขาว สีน้ำตาลไหม้และสีขาว สีลายเสือ (ริ้วสีดำ น้ำตาล แทน ทองสลับกัน) สีลายเสือและสีขาว และสามสี ดูมาตรฐานสายพันธุ์เพื่ออ่านรายละเอียดของสุนัขพันธุ์นี้ทั้งหมด เมื่อโตเต็มวัย สุนัขพันธุ์บาเซนจิเพศผู้มีความสูงประมาณ 43 ซม. โดยวัดจากส่วนที่สูงที่สุดของร่างกาย (จากเท้าถึงจุดที่สูงที่สุดของไหล่) ส่วนเพศเมียมีความสูงประมาณ 40 ซม. เพศผู้ที่โตเต็มวัยควรมีน้ำหนักประมาณ 11 กก. และเพศเมียควรมีน้ำหนักประมาณ 9.5 กก. สุนัขบาเซนจิมีเอกลักษณ์เฉพาะตัวตรงที่ไม่เคยเห่า แต่จะส่งเสียงคำรามสั้น ๆ ในลำคอเวลาที่ตื่นเต้น นอกจากยังเป็นสุนัขที่ตื่นตัว รักอิสระ เฉลียวฉลาด ทำความสะอาดตัวเองได้ และแทบจะไม่มีกลิ่นตัว สุนัขบาเซนจิยังมีนิสัยคล้ายแมว แถมยังปีนต้นไม้และรั้วได้อีกด้วย สุนัขพันธุ์นี้จะแสดงความรักต่อเจ้าของ และมักเฉยชากับคนแปลกหน้า สุนัขบาเซนจิมักทะเลาะกับสุนัขตัวอื่น จึงจำเป็นต้องฝึกให้เขาเข้าสังคมแต่เนิ่น ๆ สันนิษฐานว่าสุนัขบาเซนจิเคยเป็นสุนัขทรงเลี้ยงของกษัตริย์ฟาโรห์ ดังจะเห็นได้จากภาพวาดสุนัขสายพันธุ์นี้ในพีระมิดอียิปต์ หลังจากนั้น มีผู้นำสุนัขพันธุ์บาเซนจิเข้ามาในแอฟริกากลางเพื่อใช้กำจัดหนูพันธุ์ต่าง ๆ ในแถบคองโก เพราะหนูในพื้นที่มีขนาดใหญ่ ดุร้าย และเป็นภัยคุกคามต่อปศุสัตว์ของชาวพื้นเมือง จึงต้องอาศัยสุนัขล่าเหยื่อที่เก่ง ๆ สุนัขสายพันธุ์เล็กรวมทั้งสุนัขบาเซนจิมีอัตราเผาผลาญพลังงานสูง ย่อยอาหารได้รวดเร็ว แต่ด้วยขนาดกระเพาะอาหารที่เล็ก จึงต้องให้กินอาหารปริมาณน้อย แต่แบ่งย่อยเป็นหลายมื้อ อาหารของสุนัขพันธุ์เล็กออกแบบมาเป็นพิเศษให้มีสารอาหารสำคัญในปริมาณที่เหมาะสม และมีขนาดเม็ดที่เล็กพอดีกับขนาดปาก ซึ่งช่วยให้เคี้ยวง่าย ส่งผลดีต่อระบบย่อยอาหาร สุนัขบาเซนจิถูกเลี้ยงเพื่อล่าสัตว์ในประเทศทุรกันดาร จึงควรพาไปออกกำลังกายอย่างน้อยวันละ 1 ชั่วโมง หากออกนานกว่านั้นก็ไม่ปฏิเสธ การฝึกสุนัขบาเซนจิ ควรจะต้องให้เล่นกีฬาสำหรับสุนัขบางประเภทเพื่อบริหารร่างกายและจิตใจให้แข็งแรง นอกจากนี้สุนัขพันธุ์นี้ยังมีสัญชาตญาณเรื่องถนนต่ำกว่าเพื่อนสายพันธุ์อื่น จึงต้องระมัดระวังเป็นพิเศษเมื่อพาออกกำลังกายใกล้ท้องถนน สุนัขบาเซนจิมีความผิดปกติทางพันธุกรรมที่พบเห็นบ่อยที่สุด คือโรคไตกลุ่มอาการแฟนโคนิ (Fanconi Syndrome) และภาวะโลหิตจาง ซึ่งสามารถทดสอบทางพันธุกรรมเพื่อตรวจหาความผิดปกติเหล่านี้ได้ นอกจากนี้ยังอาจมีโรคตาที่ถ่ายทอดทางพันธุกรรมเช่นเดียวกับสายพันธุ์อื่น ๆ จึงควรตรวจสุขภาพตาและตรวจพันธุกรรมของสุนัขก่อนเพาะพันธุ์ สุนัขบาเซนจิเป็นสุนัขสายพันธุ์เล็กและไม่ต้องการพื้นที่มากมาย ขอแค่เป็นบ้านที่อบอุ่นมีหน้าต่างให้ชมวิวก็มีความสุขมากแล้ว แต่สุนัขบาเซนจิอาจต้องใช้พื้นที่ในการออกกำลังกายบ้าง ควรกั้นรั้วบริเวณสวนให้มิดชิด แม้ว่าท้ายสุดแล้วความรักสนุกของสุนัขพันธุ์นี้จะเอาชนะความสูงของรั้วหรือต้นไม้ได้อยู่ดี สุนัขบาเซนจิต้องได้รับการดูแลเอาใจใส่เป็นพิเศษเวลาออกไปข้างนอก ด้วยความที่บาเซนจิเป็นสุนัขฉลาด แสนรู้ ดังนั้นการฝึกสุนัขทั่วไปไม่คณามือสุนัขพันธุ์นี้แน่นอน! ด้วยทักษะ ความอดทน และการสร้างแรงจูงใจ สุนัขบาเซนจิก็พร้อมเสมอไม่ว่าจะเป็นการฝึกรูปแบบไหน จัดเป็นสุนัขที่มีความคล่องแคล่วว่องไวสูง แต่ด้วยนิสัยที่ไม่ค่อยเชื่อฟัง โดยเฉพาะเวลาเรียกให้มาหา ทำให้การฝึกเปล่าประโยชน์ในบางครั้ง และต้องไม่ลืมเด็ดขาดว่าสุนัขพันธุ์นี้มีนิสัยชอบแทะ จึงควรเ,https://www.purina.co.th/find-a-pet/dog/breed-library/basenji
dog,บีเกิ้ล (Beagle),"ถ้าให้นึกถึงน้องหมาขนสั้น ขนาดลำตัวกะทัดรัด แสนฉลาด ที่พกความร่าเริงสนุกสนานมาด้วยแบบเต็มกระเป๋า มีจมูกที่ดมกลิ่นได้เก่งไม่เป็นรองใคร และมีความน่ารักแบบล้น ๆ จนหลาย ๆ คนเห็นแล้วก็อยากจะเข้าไปกอด แน่นอนว่าสุนัขสายพันธุ์บีเกิ้ล (Beagle) จะเป็นอีกหนึ่งสายพันธุ์ที่ใครก็ต้องนึกถึง แต่ถึงแม้ว่าบีเกิ้ลจะมีขนาดตัวที่กำลังกะทัดรัด และเป็นเพื่อนกับเด็ก ๆ เป็นอย่างดีก็ตาม ต้องขอบอกว่าบีเกิ้ลมีมุมดื้อเล็ก ๆ รั้นหน่อย ๆ กับพลังแสนจะล้นเหลือ เจ้าของบีเกิ้ลจึงต้องหาเทคนิคในการสอน รวมทั้งดูแลบีเกิ้ลให้มีสุขภาพที่ดี พร้อมแล้วมาทำความรู้จักกับบีเกิ้ลกันให้มากขึ้นกันเลยดีกว่า แล้วจะรู้ว่าทำไมใคร ๆ ก็หลงรักสุนัขสายพันธุ์บีเกิ้ล บีเกิ้ลมีลักษณะนิสัยที่อ่อนโยน และมักสร้างเสียงหัวเราะให้กับเจ้าของด้วยความน่ารักและตลกขี้เล่น แต่ในความน่ารักนั้นก็มีความซนพลังล้นซ่อนอยู่ด้วยเหมือนกัน (ซึ่งบางทีก็อาจทำให้เจ้าของหัวเราะได้ทั้งน้ำตา) และบีเกิ้ลก็ไม่ต่างจากสุนัขสายพันธุ์อื่น ๆ ที่ต้องการได้รับความเอาใจใส่ดูแลจากเจ้าของ ชอบการเข้าสังคมพบปะผู้คนหลากหลาย ชอบออกไปเที่ยว ได้มองเห็น ได้ยินเสียงใหม่ ๆ และตอบรับกับทุกประสบการณ์ที่เจ้าของมอบให้ ดังนั้นเคล็ดไม่ลับในการฟูมฟักลูกสุนัขสายพันธุ์นี้ก็คือการให้บีเกิ้ลอยู่ท่ามกลางหมู่เพื่อนสัตว์เลี้ยง รับรองว่าจะสร้างความแฮปปี้ให้กับเจ้าบีเกิ้ลได้มากกว่าปล่อยให้บีเกิ้ลอยู่ตามลำพังในบ้าน เพราะถ้าปล่อยบีเกิ้ลไว้ที่สนามหญ้าหลังบ้านไว้เพียงตัวเดียว บีเกิ้ลก็อาจหาวิธีสร้างความสนุก (แต่ชวนปวดหัว) ด้วยการเห่าหอน ขุดดิน หรือพยายามหนีจากบริเวณนั้นออกมาได้ สุนัขสายพันธุ์บีเกิ้ลจัดเป็นหนึ่งในสายพันธุ์ที่มีประวัติมายาวนานนับศตวรรษ แม้ว่าที่มาของชื่อ บีเกิ้ล อาจจะยังไม่เป็นที่ทราบชัดเจนนัก แต่ก็เชื่อกันว่ามาจากภาษาฝรั่งเศส begueule, beugler หรืออาจมาจากคำในภาษาอังกฤษ beag ภาษาเยอรมัน begele ก็เป็นไปได้เช่นกัน ที่มาของสายพันธุ์บีเกิ้ลนั้นเชื่อกันว่าเป็นสายพันธุ์สุนัขที่สืบเชื้อสายมาจากสุนัขที่ใช้ล่าสัตว์ โดยจัดอยู่ในกลุ่มสุนัขล่าสัตว์ขนาดเล็ก ช่วยล่าสัตว์ เช่น กระต่าย นิยมเลี้ยงมากในอังกฤษ และมีการผสมพันธุ์กับสุนัขที่อยู่ในท้องถิ่น ว่ากันว่า พระเจ้าวิลเลี่ยมที่ 1 ได้นำเอาสุนัขพันธุ์ทัลบอต (ปัจจุบันสูญพันธุ์ไปแล้ว) มาที่อังกฤษในช่วงปี ค.ศ. 1066 และเป็นต้นตระกูลของสุนัขสายพันธุ์บีเกิ้ล และฟอกซ์ฮาวน์ บีเกิ้ล กลายเป็นสุนัขสายพันธุ์ยอดนิยมในประเทศอังกฤษในช่วงของพระเจ้าเอ็ดเวิร์ดที่สอง (ปี ค.ศ.1307-1327) และพระเจ้าเฮนรี่ที่ 7 (ปี ค.ศ.1485-1509) ซึ่งบีเกิ้ลขนาดจิ๋วที่เรียกกันว่า Glove Beagle นั้นได้รับความนิยมเป็นอย่างมากในยุคนั้น เพราะเป็นสุนัขที่มีขนาดเล็กจนสามารถถือไว้ในมือได้ โดยในยุคของพระนางอลิซาเบธที่ 1 (ปี ค.ศ. 1533-1603) ได้เลี้ยงสุนัขสายพันธุ์นี้ที่มีขนาดเล็กฉบับกระเป๋า โดยมีความสูงเพียง 9 นิ้วเท่านั้น เริ่มมีการนำบีเกิ้ลมาเลี้ยงในประเทศสหรัฐอเมริกาช่วงหลังจากเหตุการณ์สงครามกลางเมือง และเป็นที่นิยมในหมู่นักล่ากระต่ายแทบจะทันที มีการจดทะเบียนสายพันธุ์บีเกิ้ลโดยสมาคมพัฒนาสายพันธุ์สุนัขแห่งอเมริกา (AKC) ในปี 1885 ซึ่งในปัจจุบันชื่อบีเกิ้ลในความหมายแถบอเมริกาเหนือจะหมายถึงสายพันธุ์ที่มีจมูกดีเป็นเลิศ เสียงไพเราะ และกระตือรื้อร้นในการล่ากระต่ายนั่นเอง ลักษณะของสายพันธุ์บีเกิ้ล (Beagle) โดยสรุป บีเกิ้ลโดดเด่นในเรื่องการเป็นสุนัขล่าสัตว์ที่เก่งไม่แพ้กับสายพันธุ์ไหน ๆ มีความจงรักภักดีกับเจ้าของ ด้วยความน่ารัก ร่าเริงสดใส เป็นสุนัขที่มักเรียกเสียงหัวเราะให้กับเจ",https://www.purina.co.th/find-a-pet/dog/breed-library/beagle
dog,สุนัขบิชอง ฟริเซ่,สุนัขบิชอง ฟรีเซ่ มีความนิ่งและหน้าตาเฉลียวฉลาด รูปร่างเล็กและสีขนเป็นสีเดียวทั้งตัว ตากับจมูกสีดำสนิทตัดกันกับสีขนที่ขาวราวหิมะและหางเป็นพวงเหมือนขนนกที่โค้งและม้วนกลับมาที่หลัง ด้วยขนที่นุ่มลื่นดุจใยไหมนี้ขดเป็นเกลียวทำให้สุนัขบิชอง ฟริเซ่ดูคล้ายปุยนุ่นเดินได้ เมื่อโตเต็มวัยทั้งเพศผู้และเพศเมียจะสูงประมาณ 23-28 ซม. และหนักประมาณ 3-6 กก. สุนัขบิชอง ฟริเซ่ มีนิสัยยิ้มแย้ม แจ่มใส และชอบใช้ชีวิตกับคนเป็นครอบครัว ถึงแม้จะชอบใช้เวลาไปท่องเที่ยวกับครอบครัว แต่ก็สอนให้อยู่บ้านตามลำพังได้ เข้าสังคมได้ดี ใช้ชีวิตกับสุนัขหรือสัตว์เลี้ยงอื่น ๆ ในบ้านได้สบาย ๆ หลายศตวรรษก่อน สุนัขพันธุ์บิชอง ฟริเซ่ได้รับความนิยมในฝรั่งเศสและสเปน และเคยปรากฏในภาพวาดของราชวงศ์ทั้งสองประเทศด้วย สุนัขบิชอง ฟริเซ่พัฒนาจากสายพันธุ์ในเกาะต่าง ๆ รอบทะเลเมดิเตอร์เรเนียน และคาดว่าน่าจะมาจากเกาะเตเนริเฟ (Tenerife) โดยมีพันธุ์ “บิชอง ออฟ มัลตา” หรือ “มัลทีส” เป็นสายพันธุ์ที่คล้ายกัน และในช่วงศตวรรษที่ 14 เป็นช่วงที่ชาวกะลาสีเรือได้นำสุนัขพันธุ์นี้จากเกาะเตเนริเฟเข้าสู่ยุโรป สุนัขขนาดเล็กมีอัตราเผาผลาญพลังงงานสูง ย่อยอาหารได้รวดเร็ว แต่ด้วยขนาดกระเพาะอาหารที่เล็ก สุนัขบิชอง ฟริเซ่จึงต้องให้กินอาหารปริมาณน้อย แต่แบ่งย่อยเป็นหลายมื้อ อาหารของสุนัขสายพันธุ์เล็กออกแบบมาเป็นพิเศษให้มีสารอาหารสำคัญในปริมาณที่เหมาะสม และมีขนาดเม็ดที่เล็กพอดีกับขนาดปาก ซึ่งช่วยให้เคี้ยวง่าย ส่งผลดีต่อระบบย่อยอาหาร แม้สุนัขพันธุ์บิชอง ฟริเซ่จะปรับตัวเข้ากับตารางเวลาของครอบครัวได้ แต่ในแง่ของการออกกำลังกายก็ควรพาไปยืดเส้นยืดสายอย่างน้อยวันละ 30 นาทีเพื่อเป็นการกระตุ้นสมองของสุนัขด้วย สุนัขบิชอง ฟริเซ่ถือว่าเป็นสุนัขพันธุ์เล็กที่มีสุขภาพแข็งแรงมาก แต่ก็มีความเสี่ยงเรื่องปัญหาสายตาเช่นเดียวกับสุนัขสายพันธุ์เล็กพันธุ์อื่น ๆ และอาจมีปัญหาสะบ้าหัวเข่าที่อาจเคลื่อนหลุดได้ (luxating patellas) นอกจากนี้ยังมักมีอาการตาแฉะและมีแนวโน้มที่จะเป็นนิ่วในกระเพาะปัสสาวะ แม้สุนัขส่วนใหญ่จะเป็นมิตรกับเด็ก แต่ทั้งสุนัขบิชอง ฟริเซ่และเด็กจะต้องได้รับการฝึกให้เคารพซึ่งกันและกัน ถึงจะอยู่ร่วมกันได้อย่างปลอดภัย อย่างไรก็ตามไม่ควรปล่อยให้เด็กเล็กและสุนัขอยู่ด้วยกันตามลำพัง ควรเฝ้าระวังทุกครั้งที่เด็กเล่นกับสุนัข,https://www.purina.co.th/find-a-pet/dog/breed-library/bichon-frise
dog,บูลด็อก (Bulldog),"บูลด็อก (Bulldog – English Bulldog, British Bulldog) คงยากที่จะเชื่อว่าสุนัขที่มีหน้าตาดูเศร้าและง่วงอยู่ตลอดเวลาอย่างสุนัขบูลด็อกนี้ ในอดีตจะถูกใช้ในการต่อสู้กับวัวกระทิงมาก่อน แต่ด้วยรูปร่างที่ล่ำสัน นิสัยร่าเริง และโครงสร้างใบหน้าแบบสุนัขพันธุ์หน้าสั้น จึงเลี่ยงไม่ได้ที่สุนัขพันธุ์นี้ จะมีปัญหาสุขภาพต่าง ๆ ตามมา ไม่ว่าจะเป็นโรคทางเดินหายใจที่มักเกิดในกลุ่มสุนัขที่มีโครงหน้าสั้น (Brachycephalic breed) โรคผิวหนัง หรือแม้แต่โรคทางกระดูกและข้อ บทความนี้จึงจะพาทุกคนมาทำความรู้จักกับสุนัขบูลด็อกในทุกแง่มุม ทั้งภาพรวมของสายพันธุ์ ปัญหาและเคล็ดลับในการดูแลสุขภาพ และกิจกรรมที่เหมาะสม สุนัขบูลด็อก ถือเป็นอีกหนึ่งในสายพันธุ์สุนัขที่ดีที่สุดสำหรับครอบครัว และผู้คนอื่น ๆ เพราะบูลด็อกเป็นสุนัขที่ค่อนข้างเป็นมิตร รักสงบจนถึงขั้นเฉื่อยชา สุนัขบูลด็อกชอบที่จะนอนหลับบนโซฟาหรือบริเวณที่อากาศเย็นร่วมกับเจ้าของมากกว่าการออกไปผจญภัยในที่ร้อนและเหนื่อย แต่ทั้งนี้ทั้งนั้นไม่ได้แปลว่าบูลด็อกจะไม่เล่นกับเจ้าของเลย เพราะบูลด็อกยังคงชอบที่จะเล่นกับเด็ก โดยเฉพาะอย่างยิ่งเวลาที่มีอาหารแสนอร่อยเตรียมให้ สุนัขบูลด็อกเป็นสุนัขที่ไม่ค่อยเห่าส่งเสียง คุณจึงสบายใจได้เรื่องการรบกวนเพื่อนบ้าน แต่เนื่องจากสุนัขบูลด็อกมีโครงสร้างใบหน้าที่สั้น จึงทำให้เกิดปัญหาหายใจเสียงดังและนอนกรน ความดื้อเป็นอีกหนึ่งเรื่องที่คนเลี้ยงสุนัขบูลด็อกส่วนใหญ่ต้องเผชิญ ยกตัวอย่างเช่น หากเป็นเรื่องที่ไม่ได้อยู่ในความสนใจ สุนัขพันธุ์นี้จะไม่ยอมปฏิบัติตามเลย อย่างไรก็ตามเราสามารถรับมือกับความดื้อของสุนัขพันธุ์นี้ได้ โดยการฝึกสุนัขอย่างเหมาะสม เช่น การให้รางวัลหลังจากที่สุนัขปฏิบัติตามคำสั่ง การไม่ลงโทษสุนัขอย่างไร้เหตุผล เป็นต้น หากคุณเห็นภาพวาดของสุนัขบูลด็อกในช่วงยุควิคตอเรียของประเทศอังกฤษ คุณอาจไม่เชื่อว่านี่คือบรรพบุรุษของสุนัขบูลด็อกที่คุณรู้จัก เนื่องจากในอดีตสุนัขบูลด็อกเป็นสุนัขที่ใช้ต่อสู้ในเกมกีฬาที่เรียกว่า บูลเบทติ้ง (Bull Baiting) แต่ด้วยความโหดร้ายของกีฬาดังกล่าว สุนัขบูลด็อกจึงถูกปรับปรุงพันธุ์ให้กลายมาเป็นเพื่อนของมนุษย์ในที่สุด สุนัขบูลด็อก (เวอร์ชั่นใหม่) ถูกเปิดตัวครั้งแรกในงานแสดงสุนัขประเทศอังกฤษในปี ค.ศ. 1860 ต่อมาสุนัขบูลด็อกก็ค่อย ๆ ได้รับความนิยมมากขึ้น จนในปี ค.ศ.1864 ได้มีการตั้งสมาคมสุนัขบูลด็อกแห่งแรกขึ้นในประเทศอังกฤษ และมีการกำหนดมาตรฐานสายพันธุ์ของสุนัขบูลด็อก จากนั้นสุนัขบูลด็อกได้ถูกขึ้นทะเบียนโดย American Kennel Club (AKC) ในปี ค.ศ.1890 นอกจากนี้สุนัขบูลด็อกยังถูกใช้เป็นสัญลักษณ์ประจำประเทศ ส่วนทางฝั่งประเทศสหรัฐอเมริกาสุนัขบูลด็อกยังถูกใช้เป็นมาสคอตของทีมกีฬาหลายทีม เช่น ทีมกีฬาของ Yale University และ University of Georgia มาตรฐานสายพันธุ์บูลด็อก สุนัขบูลด็อกถูกจัดเป็นสุนัขขนาดกลางที่มีรูปร่างล่ำสัน แต่ไม่ใช่สุนัขที่ใช้เพื่อการกีฬา (Non-sporting dog) โดยความสูงอยู่ที่ประมาณ 12 - 15 นิ้ว น้ำหนักเฉลี่ยประมาณ 18 – 25 กิโลกรัม และอายุขัยเฉลี่ยอยู่ที่ 8 – 12 ปี สุนัขบูลด็อกจะมีพื้นขนสีขาวและมาร์คกิ้งเฉดสีต่าง ๆ ซึ่งส่วนมากจะเป็นสีน้ำตาล หรือบางสีที่หายาก เช่น เทาเข้ม บลู หรือแม้กระทั่งลายมาร์เบิ้ล สุนัขบูลด็อกเป็นสุนัขขนาดกลาง ที่สามารถเกิดภาวะน้ำหนักเกินหรืออ้วนได้ง่ายมาก ซึ่งทำให้เกิดปัญหาเกี่ยวกับกระดูกและข้อตามมา จึงจำเป็นต้องมีการควบคุมอาหารและควรเลือกให้อาหารที่มีโภชนาการที่ครบถ้วน ดังต่อไปนี้ • พลังงาน เช่น ควรเลือกอาหารที่มีปริมาณพลังงานสอดคล้องกับความต้องการของสุนัขใ",https://www.purina.co.th/find-a-pet/dog/breed-library/bulldog
dog,สุนัขคาวาเลียร์ คิง ชาลส์ สแปเนียล,"สุนัขคาวาเลียร์ คิง ชาลส์ สแปเนียล เป็นสุนัขสายพันธุ์เล็ก ปากสั้นเรียว ส่วนตากลมโตสีน้ำตาล ขนละเอียด มีให้เลือกหลายสี เช่น สีดำกับน้ำตาลไหม้ สีน้ำตาลแดง ขาวแต้มน้ำตาล (ลาย Blenheim) และสามสี (พื้นสีขาวนวลแต้มสีน้ำตาลส้ม) เมื่อโตเต็มวัยจะสูงประมาณ 30-33 ซม. และหนัก 5.5-8 กก. สุนัขพันธุ์นี้ใจดี ไม่เรียกร้อง เหมาะกับการเลี้ยงกับครอบครัวเพราะเป็นมิตรกับทุกคน เป็นเพื่อนที่ดีกับเด็กและคนแก่ที่ยังมีเรี่ยวแรงอยู่ สุนัขพันธุ์นี้ไม่ค่อยเห่าแต่จะชอบเตือนเมื่อมีคนแปลกหน้า และไม่เหมาะกับการเฝ้าบ้านแต่เหมาะกับการรับแขก สุนัขพันธุ์คาวาเลียร์ คิง ชาลส์ สแปเนียลเข้ากันได้ดีกับทุกคน รวมทั้งแมวและสัตว์ตัวเล็กอื่น ๆ เนื่องจากตัวเล็กและไม่มีนิสัยจุกจิก จึงเหมาะเป็นเพื่อนเดินทาง สุนัขคาวาเลียร์ คิง ชาลส์ สแปเนียลดั้งเดิมนั้นพัฒนามาจากสายพันธุ์ทอย สแปเนียลดังที่เห็นในภาพที่จิดรกรเช่น ทิเชียน (Titian) และเกนส์เบรอ (Gainsborough) วาดไว้เมื่อศตวรรษที่ 16, 17 และ 18 เป็นที่รู้จักกันว่าในฐานะสัตว์เลี้ยงของสุภาพสตรี และใช้กอดเพื่อให้ตักอบอุ่น พระเจ้าชาร์ลที่สองทรงโปรดสุนัขพันธุ์นี้เป็นอย่างยิ่งและมักมีสุนัขสายพันธุ์นี้อยู่รายรอบพระองค์เสมอ เมื่อศตวรรษที่ 1800 สุนัขสายพันธุ์จมูกสั้นเป็นที่นิยมมากจนเกือบทำให้พันธุ์ดั้งเดิมสูญพันธุ์ไป โชคดีที่ดยุกแห่งมาร์ลบะระ (Duke of Marlborough) ได้รักษาสุนัขพันธุ์นี้ไว้โดยผสมพันธุ์ที่ปราสาทเบลนไฮม์ ในปี 1926 ชาวอเมริกาชื่อ รอสเวลล์ เอลดริดจ์ (Roswell Eldridge) ได้พยายามฟื้นฟูสายพันธุ์คาวาเลียร์ คิง ชาลส์ สแปเนียลดั้งเดิมโดยเสนอให้รางวัลกับสุนัขที่มีลักษณะเหมือนที่ปรากฏในภาพวาดตามประวัติศาสตร์ ได้มีการมอบรางวัลที่งานแสดงสุนัขนานาชาติ (Crufts) และให้เงินรางวัลถึง 25 ปอนด์ สุนัขขนาดเล็กมีอัตราเผาผลาญพลังงงานสูง ย่อยอาหารได้รวดเร็ว แต่ด้วยขนาดกระเพาะอาหารที่เล็ก จึงต้องให้สุนัขคาวาเลียร์ คิง ชาลส์ สแปเนียลกินอาหารปริมาณน้อย แต่แบ่งย่อยเป็นหลายมื้อ อาหารของสุนัขสายพันธุ์เล็กออกแบบมาเป็นพิเศษให้มีสารอาหารสำคัญในปริมาณที่เหมาะสม และมีขนาดเม็ดที่เล็กพอดีกับขนาดปาก ซึ่งช่วยให้เคี้ยวง่าย ส่งผลดีต่อระบบย่อยอาหาร สุนัขคาวาเลียร์ คิง ชาลส์ สแปเนียลจะปรับตัวตามเวลาที่เจ้าของจัดให้ แต่จำเป็นต้องออกกำลังกายสม่ำเสมอเพื่อควบคุมน้ำหนักตัว ดังนั้นควรออกกำลังกายวันละ 1 ชั่วโมงเป็นประจำ นอกจากนี้สุนัขพันธุ์นี้ยังชอบเล่นเกมและฝึกให้เก่งได้ ปัญหาที่ถ่ายทอดทางพันธุกรรมของสุนัขคาวาเลียร์ คิง ชาลส์ สแปเนียลคือ โรคหัวใจ และความผิดปกติทางสมอง/กระดูกสันหลัง (syringomyelia) นอกจากนี้ อาจเป็นโรคตาที่เกิดจากกรรมพันธุ์ได้หลายโรคเหมือนกับสุนัขอีกหลายสายพันธุ์ และอาจมีปัญหาเรื่องข้อสะโพกเสื่อมซึ่งจะนำไปสู่ปัญหาด้านการเคลื่อนไหว จึงต้องตรวจประเมินตา สะโพก สมอง/กระดูกสันหลังและหัวใจก่อนที่จะนำมาผสมพันธุ์ แม้สุนัขส่วนใหญ่จะเป็นมิตรกับเด็ก แต่ทั้งสุนัขคาวาเลียร์ คิง ชาลส์ สแปเนียลและเด็กจะต้องได้รับการฝึกให้เคารพซึ่งกันและกัน และอยู่ร่วมกันได้อย่างปลอดภัย อย่างไรก็ตามไม่ควรปล่อยให้เด็กเล็กและสุนัขอยู่ด้วยกันตามลำพัง ควรเฝ้าระวังทุกครั้งที่เด็กเล่นกับสุนัข",https://www.purina.co.th/find-a-pet/dog/breed-library/cavalier-king-charles-spaniel
dog,ชิวาวา (CHIHUAHUA),รู้จักชิวาวา (CHIHUAHUA) สุนัขตัวจิ๋ว และวิธีดีๆ ในการดูแลสุขภาพ ทำความรู้จักชิวาวา (Chihuahua) ถ้าให้นึกถึงสายพันธุ์สุนัขที่ได้รับความนิยมอย่างไม่เสื่อมคลาย หลายคนต้องเอ่ยชื่อสายพันธุ์ชิวาวา (Chihuahua) ออกมาแน่นอน เพราะขนาดตัวที่เล็กกะทัดรัด ทำให้ชิวาวาสามารถปรับตัวเข้ากับการเลี้ยงในพื้นที่จำกัดได้ดี บวกกับความฉลาด เรียนรู้ได้เร็ว และติดเจ้าของในแบบที่ไม่ว่าจะพกชิวาวาไปไหนก็ยินดีไปด้วยแบบสุดๆ ไม่แปลกเลยที่ใครต่อใครก็หลงรักสุนัขสายพันธุ์นี้ มาทำความรู้จักชิวาวากันให้มากขึ้น แล้วมาดูสุนัขสายพันธุ์นี้กันให้เต็มที่ กับเคล็ดไม่ลับดีๆ ที่เรามีมาฝาก สุนัขสายพันธุ์ชิวาวา อยู่ในกลุ่มสุนัขเลี้ยงเป็นเพื่อน จัดว่าเป็นสายพันธุ์ที่มีความสง่างาม มีความกระตือรือร้น โดดเด่นที่ลักษณะของหัวที่กลมคล้ายกับลูกแอปเปิ้ล ตากลมโตแต่ไม่โปนออกมา ใบหูมีขนาดใหญ่ตั้งตรง กิจกรรมที่ชอบหนีไม่พ้นการอยู่ใกล้ๆ กับเจ้านายอันเป็นที่รัก และตามติดไปทุกที่ พร้อมที่จะกระโดดลงกระเป๋าทันทีที่เจ้าของจะพาออกไปช้อปปิ้ง นอกจากชิวาวาจะเหมาะที่จะเลี้ยงในครอบครัวแล้ว ด้วยความฉลาดและเรียนรู้ได้เร็ว ทำให้ชิวาวาเป็นสุนัขอีกหนึ่งสายพันธุ์ที่สามารถเข้าแข่งในสนามประกวดสุนัขได้ไม่แพ้น้องหมาสายพันธุ์ใหญ่ๆ เลยนะ วิธีการสอนชิวาวาควรเน้นสอนแบบเชิงบวก เน้นการให้รางวัลเมื่อน้องหมาทำได้ เพราะชิวาวาจะไม่ตอบสนองคุณหรอกนะถ้ามาแรงใส่กัน ด้วยนิสัยขี้สงสัยบวกกับความช่างสำรวจของชิวาวา จึงมักเกิดเหตุการณ์ที่น้องหมาแอบลอดซี่รั้วออกไปนอกบ้านอยู่บ่อยครั้ง จึงต้องระวังในจุดนี้เพื่อป้องกันการเกิดอุบัติเหตุและการปะทะกับน้องหมาที่อยู่นอกบ้าน สำหรับครอบครัวที่มีเด็กให้อยู่ห่างจากชิวาวาก่อนดีกว่า เพราะสุนัขตัวเล็กมาก จึงมีโอกาสที่จะเกิดการบาดเจ็บของสุนัขเวลาเล่นกับเด็กๆ ได้ และแม้ว่าชิวาวาจะดูติดเจ้าของมาก แต่สำหรับคนแปลกหน้าแล้วยากที่ชิวาวาจะยอมไว้ใจ ดังนั้นถึงแม้สุนัขจะตัวจิ๋ว แต่ก็ช่วยเฝ้าบ้านได้ดีไม่แพ้กับสุนัขตัวใหญ่ๆ ที่สำคัญที่สุดคือชิวาวามักจะลืมไปว่าตัวเองเป็นสุนัขตัวเล็ก และพร้อมบวกกับสุนัขตัวใหญ่แสนดุดันแบบไม่มีอาการเกรงกลัว เวลาเจ้าของพาชิวาวาออกไปเดินเล่นก็ระมัดระวังไม่ให้ตัวจิ๋วไปป่วนใคร เพื่อความปลอดภัยของสุนัขชิวาวาเอง ขนาดของชิวาวา น้ำหนักตัวตามสายพันธุ์โดยเฉลี่ยไม่เกิน 2.7 กิโลกรัม (6 ปอนด์) ความสูงโดยเฉลี่ยอยู่ที่ 6-8 นิ้ว และมีอายุเฉลี่ยอยู่ที่ 14-16ปี ยิ่งสุนัขชิวาวาเมื่อมีขนาดตัวโตเต็มวัย ก็มีโอกาสที่จะป่วยหรือไม่สบายมากขึ้น ชิวาวาที่มีขนาดใหญ่หรือ oversize จะมีน้ำหนักอยู่ที่ 5.4 กิโลกรัม เหมาะที่จะเลี้ยงกับครอบครัวที่มีเด็กเล็ก บุคลิกของชิวาวา เรื่องมั่นใจบอกเลยว่าสุนัขชิวาวาไม่เป็นรองใครแน่นอน แถมยังมีความกระตือรือร้น ช่างสงสัย ขี้ตกใจ ไม่ไว้ใจคนแปลกหน้า และเหมาะที่จะเลือกสุนัขสายพันธุ์นี้เพื่อเลี้ยงเป็นเพื่อนในครอบครัว โดยปกติแล้วชิวาวาจะมีความผูกพันธ์กับเจ้าของเพียงคนเดียวมากกว่า แต่เราก็สามารถแนะนำให้สุนัขสายพันธุ์ชิวาวารู้จักเพื่อนๆ หรือคนอื่นๆ ได้ตั้งแต่ยังอายุน้อยโดยการพาสุนัขไปพบเจอผู้คน ออกไปนอกบ้าน เพื่อให้มีประสบการณ์ที่ดีต่อการพบปะคนแปลกหน้า และเติบโตมาเป็นสุนัขชิวาวานิสัยดีมีความเป็นมิตร ณ อารยธรรมอันเก่าแก่แห่งหนึ่งของโลกที่ทวีปอเมริกาใต้ ในยุคที่ชนเผ่ามายาและชนเผ่า Toltec ถือครองดินแดนแถบประเทศเม็กซิโก และเป็นเจ้าของพีระมิดขั้นบันได “Chichen Itza” 1 ใน 7 สิ่งมหัศจรรย์ของโลกยุคใหม่ เชื่อหรือไม่ว่าในซากปรักหักพังแห่งอารายธรรมเหล่านี้ จะมีภาพสลักและภาพเขียนของสุนัขพันธุ์ชิวาวารวมอยู่ด้วย จึง,https://www.purina.co.th/find-a-pet/dog/breed-library/chihuahua
dog,สุนัขเชาเชา (ขนหยาบ),สุนัขพันธุ์เชาเชาเป็นสุนัขตัวสั้น ตัน รูปทรงกำยำบึกบึน หางงอม้วนโค้งมาถึงหลัง กระพุ้งแก้มและลิ้นเป็นสีน้ำเงิน/ดำ ส่วนขนแบ่งออกเป็น 2 ประเภท คือ ขนหยาบและขนเรียบ และมีหลายสีตั้งแต่ ดำ น้ำตาลแดง เทาดำ น้ำตาลทอง ครีมหรือขาว เมื่อโตเต็มวัยเพศผู้จะสูง 48-56 ซม. และหนัก 26-32 กก. ส่วนเพศเมียจะสูง 46-51 ซม. และหนัก 20-25 กก. สุนัขเชาเชา (ขนหยาบ) มีความนิ่งสุขุม รักอิสระ แต่อาจดื้อบ้างบางครั้ง มีนิสัยติดคนเลี้ยงคนใดคนหนึ่งและอาจกัดคนได้หากรู้สึกถูกคุกคามหรือเห็นว่าเจ้าของโดนทำร้าย แม้หน้าตาอาจดูเหมือนหมีน่ากอดแต่ความจริงแล้วไม่ได้เป็นอย่างนั้น เมื่อไม่นานมานี้นักพัฒนาสายพันธุ์ได้ปรับปรุงสายพันธุ์เชาเชาให้เป็นมิตรยิ่งขึ้น โดยคาดว่าปัญหาเชาเชาอารมณ์ร้าย น่าจะเกิดจากขาดการฝึกหรือหัดให้เข้าสังคมตั้งแต่ยังเป็นลูกสุนัข หากฝึกให้รู้จักเด็ก แมวหรือสัตว์เลี้ยงในบ้านตั้งแต่ยังเล็ก อาจป้องกันปัญหาความเจ้าอารมณ์ของสุนัขพันธุ์นี้ได้ ต้นกำเนิดของสุนัขพันธุ์เชาเชานี้ยังเป็นปริศนา แต่คาดว่ามีที่มาจากประเทศมองโกเลียและแมนจูเรียซึ่งเคยบริโภคเนื้อของสุนัขพันธุ์นี้ด้วยครั้งหนึ่งเชื่อว่าเป็นยาอายุวัฒนะ นอกจากนี้ยังนำขนมาใช้เป็นเสื้อผ้า หลังจากนั้นก็มีการนำเข้ามายังประเทศจีน ย้อนไปหลายศตวรรษก่อน สุนัขสายพันธุ์นี้เคยเฝ้าศาสนสถานเพื่อป้องกันวิญญาณร้าย นอกจากนี้ยังเคยเป็นสุนัขล่าสัตว์ของขุนนาง ใช้ป้องกันผู้บุกรุก ลากเลื่อนและเกวียน รวมทั้งเฝ้าบ้านด้วย คาดว่าสายพันธุ์สปิตซ์เองก็พัฒนามาจากพันธุ์เชาเชา อาหารของสุนัขเชาเชา (ขนหยาบ) จำเป็นต้องมีสารอาหารสมดุลครบหมู่ รวมถึงน้ำสะอาดด้วย ควรหมั่นตรวจสอบสภาพร่างกายของสุนัขอย่างสม่ำเสมอเพื่อให้สุนัขมีรูปร่างที่เหมาะสม และต้องให้อาหารอย่างน้อยวันละ 2 มื้อตามคำแนะนำของอาหารสุนัขที่ให้ สุนัขเชาเชา (ขนหยาบ) ไม่จำเป็นต้องออกกำลังกายมากนัก เพียงแค่วันละชั่วโมงก็เพียงพอ สุนัขพันธุ์นี้ชอบใช้ชีวิตกลางแจ้ง และชอบเล่นเงียบ ๆ ตามลำพังในสวน จึงควรจัดเตรียมที่ที่มีร่มเงาและอากาศเย็นสบายให้พักหลบอากาศร้อน หากออกกำลังมากเกินไปตั้งแต่ยังเล็ก อาจทำให้มีปัญหาข้อได้เมื่ออายุมากขึ้น เพราะฉะนั้นควรดูแลให้ดีเวลาพาสุนัขพันธุ์นี้ออกกำลังกาย สุนัขเชาเชานี้มักมีปัญหาข้อศอกเสื่อม (elbow dysplasia) และปัญหาเปลือกตา นอกจากนี้ อาจมีปัญหาเรื่องข้อสะโพกเสื่อมเหมือนกับสุนัขอีกหลายสายพันธุ์ซึ่งจะนำไปสู่ปัญหาด้านการเคลื่อนไหว จึงควรตรวจสะโพกของสุนัขก่อนผสมพันธุ์ สุนัขเชาเชาเป็นสุนัขขนาดใหญ่ที่มีนิสัยหวงถิ่น จึงต้องเลี้ยงในบ้านที่มีบริเวณกว้างขวาง และมีสวนที่กั้นรั้วแข็งแรงเป็นสัดส่วน ควรมีร่มเงาไม้ในบริเวณ เพื่อให้สุนัขพันธุ์นี้วิ่งเล่นกลางแจ้งได้โดยที่อุณหภูมิร่างกายไม่สูงเกิน สุนัขเชาเชาอาจไม่ชอบการฝึกให้เชื่อฟังคำสั่ง แต่ก็ควรได้รับการฝึกให้เดินด้วยสายจูง และต้องได้รับการฝึกให้เข้าสังคมตั้งแต่เนิ่น ๆ เพราะสุนัขเชาเชาไม่ใช่สุนัขสังคมเท่าไหร่ ถึงจะไม่ถนัดนักแต่ก็ควรได้รับการฝึกให้อดทนต่อการพบปะสุนัขด้วยกันและมนุษย์คนอื่น ๆ การฝึกสุนัขเชาเชาควรเป็นไปอย่างนุ่มนวล เพราะสุนัขสายพันธุ์นี้ไม่ชอบปฏิกิริยาที่แข็งกร้าว เช่น การดุบ่น ต่อว่า แม้สุนัขส่วนใหญ่จะเป็นมิตรกับเด็ก แต่ทั้งสุนัขเชาเชาและเด็กจะต้องได้รับการฝึกให้เคารพซึ่งกันและกัน ถึงจะอยู่ร่วมกันได้อย่างปลอดภัย อย่างไรก็ตามไม่ควรปล่อยให้เด็กเล็กและสุนัขอยู่ด้วยกันตามลำพัง ควรเฝ้าระวังทุกครั้งที่เด็กเล่นกับสุนัข สุนัขเชาเชามีลิ้นสีเทาดำหรือดำเข้ม (เช่นเดียวกับ พันธุ์ชาเป่ย หมีขั้วโลก และยีราฟ!) มีฟันถึง 44 ซี่ มากกว่าสุนัขสายพ,https://www.purina.co.th/find-a-pet/dog/breed-library/chow-chow-rough
dog,สุนัขบอร์เดอร์ คอลลี่,สุนัขพันธุ์นี้เป็นสุนัขขนาดกลางถึงใหญ่ มีสัดส่วนกำลังดีและดูสง่าผ่าเผย พร้อมลุยทุกกิจกรรม เมื่อโตเต็มวัย เพศผู้จะสูง 56-61 ซม. และหนัก 20.5-29.5 กก. ส่วนเพศเมียสูง 51-56 ซม. และหนัก 18-25 กก. สุนัขบอร์เดอร์ คอลลี่มีขนสั้นติดลำตัว เมื่อลูบจะรู้สึกหยาบ และมีสีน้ำตาลแดงปนขาว หรือสามสี (สีดำ น้ำตาลและขาว) และลายหินอ่อน (น้ำเงินปนเงินและดำ) สุนัขบอร์เดอร์ คอลลี่ เป็นสุนัขที่เป็นมิตร อารมณ์ดี มีความตื่นตัว จึงเหมาะที่จะเป็นสุนัขเฝ้าบ้าน แต่อาจชอบเห่าหากไม่ได้ฝึกหรือเมื่อรู้สึกเบื่อ และมักจะไม่ชอบแยกจากสิ่งที่รักนานเกินไป สุนัขบอร์เดอร์ คอลลี่เป็นสุนัขที่ต้องกระตุ้นให้ตื่นตัวเสมอ จึงชอบฝึกและมักปฏิบัติตามวินัยได้ดี แต่อาจมีอารมณ์อ่อนไหวและต้องการให้คนดูแลด้วยความรัก ความอ่อนโยน แม้สุนัขพันธุ์คอลลี่และบอร์เดอร์ คอลลี่ จะหน้าตาต่างกัน แต่ทั้งคู่คือสุนัขพันธุ์เดียวกัน สุนัขพันธุ์คอลลี่ มีขนหนาและยาวกว่าเพราะอาศัยอยู่ในพื้นที่ภูเขาของสก็อตแลนด์ (Scottish Highlands) ที่มีสภาพอากาศโหดร้าย ส่วนสุนัขพันธุ์บอร์เดอร์ คอลลี่ทำงานดูแลแกะในพื้นที่ลุ่มต่ำที่อากาศอบอุ่นกว่า ขนจึงสั้นกว่า สุนัขบอร์เดอร์ คอลลี่เป็นสุนัขที่ได้รับการรับรองมากว่าสองศตวรรษแล้ว แต่ยังมีสุนัขเลี้ยงแกะพันธุ์อื่น ๆ ในสก็อตแลนด์ที่มีลักษณะคล้ายคลึงกันและมีประวัติยาวนานกว่านี้ สุนัขพันธุ์ใหญ่รวมถึงสุนัขบอร์เดอร์ คอลลี่ ต้องการสารอาหารที่สมดุล มีแร่ธาตุและวิตามินที่ต่างไปจากอาหารของสายพันธุ์เล็ก สุนัขบอร์เดอร์ คอลลี่ต้องออกกำลังกายอย่างน้อยวันละชั่วโมง แต่หากพาไปเส้นทางเดิม ๆ ทุกวันอาจทำให้เขาเบื่อได้ เพราะฉะนั้นควรปรับเปลี่ยนเส้นทางและสอนให้เขาเล่นกีฬาบ้าง เช่น กีฬาที่เน้นความความว่องไว กีฬาเน้นฟังคำสั่ง และวิ่งแข่งคาบลูกบอล (flyball) สุนัขบอร์เดอร์ คอลลี่อาจเป็นโรคตาที่เกิดจากกรรมพันธุ์ได้หลายโรคเหมือนกับสุนัขอีกหลายสายพันธุ์ และอาจมีปัญหาเรื่องข้อสะโพกเสื่อมซึ่งจะนำไปสู่ปัญหาด้านการเคลื่อนไหว จึงควรตรวจสุขภาพตาและสะโพกของสุนัขก่อนเพาะพันธุ์ แม้สุนัขส่วนใหญ่จะเป็นมิตรกับเด็ก แต่ทั้งสุนัขบอร์เดอร์ คอลลี่และเด็กจะต้องได้รับการฝึกให้เคารพซึ่งกันและกัน ถึงจะอยู่ร่วมกันได้อย่างปลอดภัย อย่างไรก็ตามไม่ควรปล่อยให้เด็กเล็กและสุนัขอยู่ด้วยกันตามลำพังควรเฝ้าระวังทุกครั้งที่เด็กเล่นกับสุนัข,https://www.purina.co.th/find-a-pet/dog/breed-library/collie-smooth
dog,สุนัขดัชชุน,สุนัขดัชชุนมีส่วนหลังยาว ขาสั้นและตัวเตี้ยมาก เมื่อยังเป็นลูกสุนัข จะมีกล้ามเนื้อ ทรวดทรวงแข็งแรง ส่วนหน้าอกตันกว้าง และขาหน้าแข็งแรง ส่วนขนจะสั้น แน่นและลื่น มีหลายสี (ศึกษาข้อมูลรายละเอียดมาตรฐานสายพันธุ์เพิ่มเติม) เมื่อโตเต็มวัยจะหนัก 4.5-5 กก. และสูงประมาณ 12-15 ซม. สุนัขสายพันธุ์นี้รักอิสระ จึงต้องใช้ความใจเย็น สม่ำเสมอและอดทนในการฝึกสอน ควรฝึกสุนัขดัชชุนให้เข้าสังคมตั้งแต่ยังเป็นลูกสุนัขเพื่อให้คุ้นเคยกับเด็ก คนแปลกหน้าและสัตว์อื่นๆ สุนัขพันธุ์นี้อาจติดสมาชิกครอบครัวคนใดคนหนึ่งโดยเฉพาะและสงวนท่าทีกับคนแปลกหน้า ประวัติของสุนัขดัชชุนย้อนไปได้ถึงศตวรรษที่ 15 ในประเทศเยอรมัน แต่จริง ๆ แล้ว สุนัขที่มีหน้าตาคล้ายดัชชุนเคยปรากฏในงานศิลปะของอียิปต์โบราณและเม็กซิโก และในซากเรือในอิตาลีย้อนกลับไปในช่วงศริสต์ศักราชที่ 1 อีกด้วย ประเทศเยอรมันได้เริ่มกำหนดมาตรฐานสายพันธุ์ดัชชุนในปี 1879 และได้มีการตั้งชมรมของสุนัขสายพันธุ์นี้ในปี 1888 สุนัขพันธุ์ดัชชุนถูกนำเข้ามาในประเทษสหราชอาณาจักรพร้อมกับเจ้าชายอัลเบิร์ตและได้รับความนิยมทั้งในสหราชอาณาจักรและอเมริกาตลอดศตวรรษที่ 19 โดยถูกนำมาใช้แทนที่ตัวเฟอร์เร็ตเพื่อไล่กระต่ายออกจากโพรง สุนัขขนาดเล็กมีอัตราเผาผลาญพลังงงานสูง ย่อยอาหารได้รวดเร็ว แต่ด้วยขนาดกระเพาะอาหารที่เล็ก สุนัขดัชชุนควรกินอาหารปริมาณน้อย แต่แบ่งย่อยเป็นหลายมื้อ อาหารของสุนัขพันธุ์เล็กออกแบบมาเป็นพิเศษให้มีสารอาหารสำคัญในปริมาณที่เหมาะสม และมีขนาดเม็ดที่เล็กพอดีกับขนาดปาก ซึ่งช่วยให้เคี้ยวง่าย ส่งผลดีต่อระบบย่อยอาหาร ควรพาสุนัขดัชชุนออกกำลังกายอย่างน้อยวันละครึ่งชั่วโมง ก่อนที่จะปลดสายจูง ต้องแน่ใจว่าสุนัขจะวิ่งกลับมาเมื่อเรียกชื่อ เนื่องจากสุนัขพันธุ์นี้มีสัญชาตญาณของนักล่าที่กระตุ้นให้วิ่งล่ากระรอกสุดชีวิตเมื่อได้กลิ่น พึงระลึกว่า สุนัขดัชชุนนั้นเพาะพันธุ์มาให้คลุกดิน และสามารถขุดมุดรั้วได้หลายประเภท เพราะฉะนั้นควรหมั่นเช็ครั้วรอบสวนให้ดี ปัญหาสุขภาพที่มักพบในสุนัขดัชชุนมักเกิดจากรูปร่างเฉพาะตัวของสายพันธุ์ที่สร้างความผิดปกติของกระดูกสันหลัง นอกจากนี้สุนัขพันธุ์นี้ยังมักเป็นโรคหัวใจ และมีปัญหาตาที่ถ่ายทอดทางพันธุกรรมเช่นเดียวกับสุนัขพันธุ์อื่น ๆ จึงควรตรวจตาพ่อพันธุ์แม่พันธุ์อย่างสม่ำเสมอ แม้สุนัขดัชชุนจะไม่ใช่สุนัขตัวใหญ่ แต่ด้วยลำตัวที่ยาวจึงต้องได้รับการดูแลเป็นพิเศษ เช่นเตรียมแท่นเหยียบหรือทางลาดสำหรับป้องกันสุนัขดัชชุนกระโดดขึ้นลงเฟอร์นิเจอร์ ควรเลี่ยงให้สุนัขดัชชุนเดินขึ้นลงบันไดสูงบ่อย ๆ บ้านที่เหมาะกับสุนัขพันธุ์นี้จึงควรมีพื้นที่ที่ราบเรียบ สวนขนาดเล็กถึงปานกลางก็เหมาะกับการเพิ่มจุดให้สุนัขเดินเล่น สุนัขดัชชุน (พันธุ์ขนยาว) ไม่ใช่สุนัขที่ชื่นชอบการฝึกแบบเป็นกิจลักษณะ แต่สามารถเรียนรู้พื้นฐานได้ เช่นการเดินด้วยสายจูงแบบสบาย ๆ การให้นั่งนิ่ง ๆ และการเรียกให้มาหา โดยทั่วไปเป็นสุนัขที่มีความเป็นมิตร แต่ก็ควรฝึกให้เข้าสังคมกับคนและสัตว์อื่น ๆ ตั้งแต่ตอนอายุยังน้อย แม้สุนัขส่วนใหญ่จะเป็นมิตรกับเด็ก แต่ทั้งสุนัขดัชชุนและเด็กจะต้องได้รับการฝึกให้เคารพซึ่งกันและกัน ถึงจะอยู่ร่วมกันได้อย่างปลอดภัย อย่างไรก็ตามไม่ควรปล่อยให้เด็กเล็กและสุนัขอยู่ด้วยกันตามลำพัง ควรเฝ้าระวังทุกครั้งที่เด็กเล่นกับสุนัข,https://www.purina.co.th/find-a-pet/dog/breed-library/dachshund-long-haired
dog,สุนัขเฟรนช์ บูลด็อก,สุนัขเฟรนช์ บูลด็อก เป็นสุนัขที่ใครเห็นก็จำได้เพราะหูมีลักษณะคล้ายค้างคาวขนาดใหญ่ สุนัขเฟรนช์ บูลด็อกเป็นสุนัขขนาดเล็ก หน้าแบน ขนสั้นเป็นมันเงา มีหลายลาย เช่น ลายเสือ ลายแต้มหรือสีน้ำตาลทองล้วน เมื่อโตเต็มวัยจะสูงประมาณ 27-34.5 ซม. เพศผู้จะหนัก 12.5 กก. ส่วนเพศเมียหนัก 11 กก. สุนัขเฟรนช์ บูลด็อก มีนิสัยรักสนุก มีพลังและใจดีกับคนที่ตนเองรัก เป็นสุนัขตัวเล็กที่ใจใหญ่กว่าตัว สู้ไม่ถอยเมื่อถูกสุนัขตัวอื่นเล่นงาน สุนัขบางตัวอ่านภาษาท่าทางจากใบหน้าแบนไม่ออก ยกเว้นสุนัขสายพันธุ์นี้ สุนัขเฟรนช์ บูลด็อกเคยเป็นที่นิยมในหมู่ช่างทำลูกไม้ในมิดแลนด์เพราะหนุ่มสาวโรงงานนิยมพาสุนัขไปทำงานด้วย ต่อมาเมื่อแรงงานย้ายไปค้าขายในฝรั่งเศส จึงนำสุนัขดังกล่าวมาผสมพันธุ์กับสุนัขหน้าสั้นจนได้ “เฟรนช์ บูลด็อก” ที่เรารู้จักกันในปัจจุบัน สุนัขสายพันธุ์เล็กมีอัตราเผาผลาญพลังงานสูง ย่อยอาหารได้รวดเร็ว แต่ด้วยขนาดกระเพาะอาหารที่เล็ก สุนัขเฟรนช์ บูลด็อกควรกินอาหารปริมาณน้อย แต่แบ่งย่อยเป็นหลายมื้อ อาหารของสุนัขพันธุ์เล็กออกแบบมาเป็นพิเศษให้มีสารอาหารสำคัญในปริมาณที่เหมาะสม และมีขนาดเม็ดที่เล็กพอดีกับขนาดปาก ซึ่งช่วยให้เคี้ยวง่าย ส่งผลดีต่อระบบย่อยอาหาร สุนัขเฟรนช์ บูลด็อกไม่จำเป็นต้องออกกำลังกายมากนักเมื่อเทียบกับสายพันธุ์อื่น ออกกำลังกายเพียงวันละชั่วโมงก็เพียงพอแล้ว เนื่องจากสุนัขสายพันธุ์นี้หน้าแบนจึงควรระวังไม่ให้อยู่ในที่ที่มีความร้อนมากเกินไป เพราะอาจมีภาวะช็อคจากความร้อนสูงและภาวะหายใจลำบากถ้าออกกำลังในสภาพอากาศที่ร้อน ควรพาน้องออกกำลังกายในตอนเช้าหรือเย็นหากเป็นฤดูร้อน ปัญหาสุขภาพหลักของสุนัขเฟรนช์ บูลด็อกเกิดจากลักษณะใบหน้าที่แบน ซึ่งอาจก่อให้เกิดปัญหาระบบทางเดินหายใจ ทำให้หายใจลำบาก ดังนั้นจึงต้องหลีกเลี่ยงไม่ให้ออกกำลังกายมากเกินไป และรักษาอุณหภูมิร่างกายไม่ให้สูงเกิน นอกจากนี้ยังเสี่ยงเป็นโรคผิวหนังติดเชื้อ ตา สะโพกและข้อศอกเสื่อม และความผิดปกติของกระดูกสันหลัง สุนัขเฟรนช์ บูลด็อกไม่ต้องการพื้นที่มากมาย จะเลี้ยงในห้องพักหรือบ้านเดี่ยวพร้อมสวนก็อยู่ได้หมด ตราบใดที่ยังได้ออกไปเดินเล่นออกกำลังกายและขับถ่ายบ้าง สุนัขเฟรนช์ บูลด็อกจัดว่าเป็นสุนัขจอมดื้อที่ไม่ค่อยเชื่อฟัง และอาจล่มการฝึกด้วย แต่หากใช้ความอดทนพร้อมกับให้ของรางวัลตอบแทน สุนัขพันธุ์นี้ก็สามารถฝึกพื้นฐานอย่างการนั่ง หมอบ เรียกให้มาหา และเดินด้วยสายจูงได้ แม้สุนัขส่วนใหญ่จะเป็นมิตรกับเด็ก แต่ทั้งสุนัขเฟรนช์ บูลด็อกและเด็กจะต้องได้รับการฝึกให้เคารพซึ่งกันและกัน ถึงจะอยู่ร่วมกันได้อย่างปลอดภัย อย่างไรก็ตามไม่ควรปล่อยให้เด็กเล็กและสุนัขอยู่ด้วยกันตามลำพัง ควรเฝ้าระวังทุกครั้งที่เด็กเล่นกับสุนัข,https://www.purina.co.th/find-a-pet/dog/breed-library/french-bulldog
dog,สุนัขเยอรมันเชพเพิร์ด,สุนัขเยอรมันเชพเพิร์ดเป็นสุนัขที่ใครเห็นก็รู้จักและจำได้ว่าเป็นสายพันธุ์อะไร ลักษณะของสุนัขพันธุ์นี้มักจะมีกล้ามเนื้อที่ชัดเจน ดูตื่นตัว ท่วงท่าสง่างามและน่าเกรงขาม ปราดเปรียว สุขุม มีขนหลายสี (จากมาตรฐานสายพันธุ์) ขนชั้นนอกแข็งและหยาบ ส่วนขนชั้นในหนา ความสูงที่เหมาะสมสำหรับเพศผู้ที่โตเต็มวัยคือ 63 ซม. ส่วนเพศเมียควรสูง 58 ซม. น้ำหนักอยู่ระหว่าง 30-36 กก. สุนัขเยอรมันเชพเพิร์ดจะผูกพันกับผู้ดูแลและอยากใช้เวลาด้วยกันให้มากที่สุดเท่าที่จะเป็นไปได้ แม้ว่าสุนัขพันธุ์นี้จะต้องการคนดูแลเอาใจใส่ แต่ก็พร้อมตอบแทนด้วยความจงรักภักดี และซื่อสัตย์ ในทางกลับกัน ถ้าคุณไม่ได้ใส่ใจดูแลและฝึกสอนสุนัขเยอรมันเชพเพิร์ดมากพอ สุนัขก็อาจขาดความมั่นใจและไม่เชื่อฟังได้ สุนัขพันธุ์นี้ชอบเรียนรู้และตอบสนองต่อการฝึกได้ดี พิสูจน์ได้ผ่านผลการฝึกที่มักจะออกมาดีเยี่ยมเสมอ สุนัขเยอรมันเชพเพิร์ดเกิดจากการผสมพันธุ์สุนัขเลี้ยงแกะหลากหลายสายพันธุ์ ดั้งเดิมเลี้ยงไว้ใช้ควบคุมปศุสัตว์ สามารถสืบย้อนต้นกำเนิดสายพันธุ์นี้ได้ตั้งแต่ศตวรรษที่ 7 สุนัขเยอรมันเชพเพิร์ดได้รับการเปิดตัวในงานแสดงครั้งแรกปี 1882 และต่อมาในปี 1899 ชมรมผู้เลี้ยงสุนัขพันธุ์เยอรมันเชพเพิร์ดแห่งเยอรมัน (Verein fur Deutsche Schaferhunde) ก็ได้ก่อตั้งขึ้น ชมรมนี้ได้พัฒนาสายพันธุ์สุนัขเยอรมันเชพเพิร์ดเพื่อนำไปใช้ทำงานกับตำรวจหรือทหาร เป็นการช่วยอนุรักษ์สายพันธุ์นี้ไม่ให้สูญพันธุ์ในช่วงต้นศตวรรษที่ 20 ที่หลายประเทศเผชิญความยากลำบาก ในช่วงสงครามโลกครั้งที่ 1 ชาวเยอรมันใช้สุนัขเยอรมันเชพเพิร์ดเป็นสุนัขส่งสารและค้นหาผู้ได้รับบาดเจ็บ ทหารฝ่ายสัมพันธมิตรล้วนชื่นชมในความเฉลียวฉลาดและความกล้าหาญของสุนัขพันธุ์นี้ จึงได้นำสุนัขเยอรมันเชพเพิร์ดกลับประเทศของตนหลังสงครามจบลง ส่งผลให้สุนัขพันธุ์นี้เป็นที่รู้จักในประเทศอื่น ๆ ด้วย สุนัขพันธุ์ใหญ่ มื้ออาหารก็ย่อมใหญ่ตามไปด้วย สุนัขเยอรมันเชพเพิร์ดก็ต้องการสารอาหารที่สมดุลเช่นกัน จำเป็นจะต้องมีแร่ธาตุและวิตามินที่ต่างไปจากอาหารของสายพันธุ์เล็ก สุนัขเยอรมันเชพเพิร์ดมักมีปัญหาเรื่องกระเพาะอาหารและท้องอืด ดังนั้นควรให้กินอาหารในปริมาณน้อย แต่แบ่งย่อยเป็นหลายมื้อ เพื่อลดความเสี่ยงของอาการเหล่านี้ ควรหมั่นพาลูกสุนัขเยอรมันเชพเพิร์ดไปออกกำลังกายอย่างสม่ำเสมอ แต่ระวังอย่าให้ออกกำลังมากเกินไปเพราะอาจเกิดผลเสียต่อข้อต่อที่กำลังพัฒนาอยู่และยังไม่แข็งแรงดีในระยะยาว ทั้งนี้ สุนัขเยอรมันเชพเพิร์ดที่แข็งแรงโตเต็มวัยจะต้องออกกำลังกายวันละ 2 ชั่วโมงขึ้นไป ควบคู่กับกิจกรรมที่ช่วยฝึกสมอง สุนัขเยอรมันเชพเพิร์ดเป็นสุนัขสายพันธุ์ที่มีปัญหาสุขภาพหลายประการ ได้แก่ โรคระบบทางเดินอาหาร ภาวะกระเพาะอาหารขยายและบิดตัว (Gastric Dilation Volvulus) โรคเกี่ยวกับไขสันหลังและลมชัก นอกจากนี้ก็ยังมีปัญหาเรื่องสะโพกและข้อศอกเสื่อม เช่นเดียวกับสุนัขพันธุ์อื่น ๆ จึงควรตรวจสุขภาพข้อสะโพกของสุนัขก่อนผสมพันธุ์ เนื่องจากสุนัขเยอรมันเชพเพิร์ดเป็นสุนัขขนาดใหญ่ที่การเติบใหญ่จะใช้เวลานาน ไม่เหมาะกับการเลี้ยงในห้องพักที่ต้องขึ้นลงทางบันได รวมถึงบ้านที่ไม่มีสวนรั้วล้อม จะเลี้ยงในเมืองหรือตามชนบทก็ไม่มีปัญหา แต่ควรมีพื้นที่ให้เดิน ฝึกฝน และวิ่งไปวิ่งมาได้ ด้วยนิสัยหวงและพร้อมคุ้มครองบ้าน ซึ่งเขตเมืองใหญ่ที่วุ่นวายจะกระตุ้นสัญชาตญาณนี้ได้ ควรให้เข้าสังคมตั้งแต่ยังเป็นลูกสุนัข และควรฝึกประจำ เพื่อให้สุนัขเยอรมันเชพเพิร์ดได้เติบโตอย่างมั่นใจและมีความสุขเวลาได้อยู่ท่ามกลางผู้คน สัตว์อื่น ๆ ฝูงปศุสัตว์ และเด็กเล็ก สุนัขพันธุ์นี้ต้องรับมาเลี้ยง,https://www.purina.co.th/find-a-pet/dog/breed-library/german-shepherd
dog,สุนัขเกรย์ฮาวด์,"สุนัขเกรย์ฮาวด์เปรียบเสมือนม้าแข่งแห่งโลกสุนัข เนื่องจากเป็นสุนัขที่วิ่งได้เร็วมาก มีลักษณะท่วงท่านุ่มนวลและสง่างาม สุนัขพันธุ์นี้มีกล้ามเนื้อและโครงสร้างแข็งแรง ขนสั้นเป็นเส้นขนที่ละเอียด มีทั้งสีดำ ขาว แดง น้ำเงินคราม น้ำตาลทอง น้ำตาลอ่อน ลายเสือ หรือมีสีที่กล่าวมาทั้งหมดปนกับสีขาว เมื่อสุนัขเกรย์ฮาวด์ตัวโตเต็มวัย เพศผู้จะสูงถึง 71-76 ซม. หนักประมาณ 30-32 กก. ส่วนเพศเมียสูง 69-71 ซม. หนัก 27-30 กก. สุนัขเกรย์ฮาวด์มีบุคลิกที่สงบนิ่ง และชอบอยู่ในบ้าน จะเรียกว่าเข้าขั้นขี้เกียจเลยก็ว่าได้ เป็นสุนัขที่สามารถจับความรู้สึกได้ไว เหมาะที่จะเป็นสัตว์เลี้ยงประจำครอบครัวหากได้เจ้าของที่เหมาะสม แม้จะนิสัยจะอ่อนโยนโดยธรรมชาติ แต่ยังคงมีสัญชาตญาณนักล่า ดังนั้นจึงเป็นเรื่องที่เจ้าของจึงต้องเต็มใจยอมรับลักษณะนิสัยของ สุนัขพันธุ์นี้ สุนัขเกรย์ฮาวด์รักสมาชิกในครอบครัวแต่จะเย็นชากับคนแปลกหน้า โดยทั่วไปสามารถเข้ากันได้ดีกับสุนัขตัวอื่น ๆ ที่เลี้ยง แต่สำหรับคนที่เลี้ยงแมวด้วยก็ต้องใช้ความระมัดระวังเป็นพิเศษ สุนัขเกรย์ฮาวด์เป็นหนึ่งในสายพันธุ์สุนัขยอดนิยมเมื่อเทียบกับบรรดาสุนัขทั้งหมด เพราะหากย้อนกลับไปช่วง 4,000 ปีก่อนคริสตกาล ทั้งฟาโรห์ และผู้นำในทวีปเอเซียหรือแอฟริกาต่างก็นิยมสลักรูปสุนัขเกรย์ฮาวด์ไว้ที่หลุมฝังศพ เคยมีการใช้สุนัขเกรย์ฮาวด์ไล่ล่าแอนทีโลป กวาง และหมาป่า ซึ่งได้รับความนิยมอย่างสูง แพร่หลายส่งต่อไปยังแถบเอเชียตะวันตก ยุโรป และเข้าสู่เกาะบริเตน (สหราชอาณาจักร) ทำให้สุนัขเกรย์ฮาวด์กลายเป็นสัญลักษณ์แสดงสถานะที่สืบทอดมา จนในปี ค.ศ. 1016 ก็มีเพียงชนชั้นสูงเท่านั้นที่ได้รับอนุญาตให้ครอบครองสุนัขเกรย์ฮาวด์ได้ แรกเริ่มมีการใช้งานสุนัขพันธุ์นี้เพื่อล่ากระต่ายป่า และใช้ในกีฬาวิ่งแข่งในภายหลัง จึงเป็นบทพิสูจน์ว่าสุนัขเกรย์ฮาวด์เป็นสุนัขที่วิ่งเร็วที่สุดในโลก มีเพียงเสือชีตาห์เท่านั้นที่วิ่งเร็วกว่าสุนัขพันธุ์นี้ สุนัขพันธุ์ใหญ่ มื้ออาหารก็ย่อมใหญ่ตามเช่นกัน สุนัขเกรย์ฮาวด์ต้องการสารอาหารที่สมดุล จำเป็นต้องมีแร่ธาตุและวิตามินที่ต่างไปจากอาหารของสายพันธุ์เล็ก สุนัขเกรย์ฮาวด์มีแนวโน้มที่จะเกิดอาการท้องอืดและปัญหาอื่น ๆ ของกระเพาะอาหาร การให้สุนัขกินอาหารปริมาณน้อย แต่บ่อยครั้ง จะช่วยลดความเสี่ยงของอาการเหล่านี้ได้ แม้สุนัขเกรย์ฮาวด์จะเป็นสุนัขบ้านที่ขึ้นชื่อว่าเป็นนักวิ่ง แต่ก็ไม่จำเป็นต้องออกกำลังกายมากนัก แค่วิ่งวันละ 2 ครั้ง ครั้งละ 20 นาทีก็เพียงพอแล้ว สุนัขพันธุ์นี้เป็นที่รู้กันในนาม “จอมขี้เกียจความเร็วสูง” เพราะต้องออกกำลังด้วยการวิ่งเร็ว ๆ ไม่ใช่การเดินเน้นระยะทาง ต้องมั่นใจจริง ๆ ว่าสุนัขสามารถวิ่งกลับมาหาได้ถ้าปล่อยออกจากสายจูงในที่สาธารณะ เพราะสุนัขเกรย์ฮาวด์มีสัญชาตญาณนักล่า และจำเป็นต้องใส่ตะกร้อครอบปากไว้เพื่อป้องกันสัตว์เล็ก ที่สำคัญคืออาจต้องสวมเสื้อกันหนาวให้เมื่ออากาศหนาวเย็น สุนัขเกรย์ฮาวด์ถือเป็นสุนัขพันธุ์ที่มีสุขภาพดี ไม่ค่อยมีปัญหาสุขภาพที่เป็นเฉพาะของสายพันธุ์นี้ แม้สุนัขส่วนใหญ่จะเป็นมิตรกับเด็ก แต่ทั้งสุนัขเกรย์ฮาวด์และเด็กจะต้องได้รับการฝึกให้เคารพซึ่งกันและกัน เพื่อให้อยู่ร่วมกันได้อย่างปลอดภัย อย่างไรก็ตามไม่ควรปล่อยให้เด็กเล็กและสุนัขอยู่ด้วยกันตามลำพัง ควรเฝ้าระวังทุกครั้งที่เด็กเล่นกับสุนัข",https://www.purina.co.th/find-a-pet/dog/breed-library/greyhound
dog,สุนัขพันธุ์ญี่ปุ่น 'ชิบะ',สุนัขชิบะเป็นสุนัขสายพันธุ์ที่แข็งแรง ขนาดตัวใหญ่ปานกลาง อยู่ในสายพันธุ์สปิตซ์ (เป็นสายพันธุ์ที่มีหูตั้ง ขนหนา และหางม้วนงอ) สุนัขชิบะเป็นเหมือนสุนัขพันธุ์อะกิตะที่รูปร่างเล็กกว่า เพศผู้ตัวโตเต็มวัยสูงประมาณ 39.5 ซม. ส่วนเพศเมียสูง 36.5 ซม. มีขนชั้นนอกที่แข็ง เป็นเส้นตรง มีสีแดง แดงปนน้ำตาล (สีแดงแบบมีปลายขนสีดำ) ดำ-น้ำตาล หรือขาว ปกคลุมขนชั้นในที่หนานุ่มอีกที สุนัขชิบะถือว่าเป็นสายพันธุ์ที่ตื่นตัว คล่องแคล่วว่องไว และเป็นมิตร แต่ก็ค่อนข้างรักอิสระและมีสัญชาตญาณความเป็นนักล่าสูง ดังนั้น จึงต้องฝึกให้เข้าสังคมตั้งแต่เป็นลูกสุนัข เพื่อให้อยู่ร่วมกับสุนัขตัวอื่น ๆ ได้ ลักษณะเด่นเฉพาะตัวของสุนัขพันธุ์ชิบะก็คือเสียงที่แหลมสูงเปล่งออกมาเมื่อรู้สึกตื่นเต้นหรือกระวนกระวาย สุนัขชิบะเป็นสุนัขพันธุ์ที่ถูกผสมมาเพื่อใช้ล่าและต้อนสัตว์ขนาดเล็กในพื้นที่ภูเขาของญี่ปุ่น เปรียบเสมือนสุนัขอะกิตะขนาดเล็ก ซึ่งที่จริงแล้วคำว่า ชิบะ อินุ (Shiba Inu) ก็เแปลว่าสุนัขตัวเล็กนั่นเอง สุนัขชิบะถือเป็นสุนัขสายพันธุ์เก่าแก่พันธุ์หนึ่ง มีเรื่องราวความเป็นมาตั้งแต่ช่วง 3 ศตวรรษก่อนคริสตกาล เคยเกือบจะสูญพันธุ์ไปในช่วงสงครามโลกครั้งที่ 2 แต่ก็มีจำนวนหนึ่งที่รอดจากการทิ้งระเบิดและการระบาดของโรคหัดสุนัขได้ และถูกนำมาแพร่พันธุ์เพื่อรักษาสายพันธุ์เอาไว้ อาหารของสุนัขชิบะจำเป็นต้องมีสารอาหารสมดุลครบถ้วน รวมถึงน้ำสะอาดด้วย ควรหมั่นตรวจสอบสภาพร่างกายของสุนัขอย่างสม่ำเสมอเพื่อให้สุนัขมีรูปร่างที่เหมาะสม และต้องให้อาหารอย่างน้อยวันละ 2 มื้อตามคำแนะนำ สุนัขชิบะควรได้ออกกำลังกายวันละ 1 ชั่วโมง เนื่องจากสุนัขพันธุ์นี้มีสัญชาตญาณความเป็นนักล่า ก่อนจะปล่อยสายจูงต้องมั่นใจจริง ๆ ว่าฝึกให้สุนัขวิ่งกลับมาหาเองได้ และควรพาไปออกกำลังกายในพื้นที่ที่ปลอดภัยและเป็นสถานที่ปิดเท่านั้น โดยทั่วไปสุนัขชิบะเป็นสุนัขที่มีสุขภาพดีและแข็งแรง แต่อาจมีปัญหาสุขภาพดวงตาที่ถ่ายทอดทางพันธุกรรมได้เช่นเดียวกับสุนัขอีกหลายพันธุ์ ดังนั้นสุนัขพ่อพันธุ์แม่พันธุ์ควรได้รับการตรวจตาเป็นประจำ แม้สุนัขส่วนใหญ่จะเป็นมิตรกับเด็ก แต่ทั้งสุนัขชิบะและเด็กจะต้องได้รับการฝึกให้เคารพซึ่งกันและกัน และอยู่ร่วมกันได้อย่างปลอดภัย อย่างไรก็ตามไม่ควรปล่อยให้เด็กเล็กและสุนัขอยู่ด้วยกันตามลำพัง ควรเฝ้าระวังทุกครั้งที่เด็กเล่นกับสุนัข,https://www.purina.co.th/find-a-pet/dog/breed-library/japanese-shibu-inu
dog,สุนัขมอลทีส (Malrese),"สุนัขมอลทีสสุนัขพันธุ์เล็กที่ให้ภาพลักษณ์สง่างามดั่งขุนนาง มีตาสีดำ ขนยาวเส้นละเอียดนุ่มดุจไหมสีขาวบริสุทธิ์ สุนัขมอลทีสถือเป็นสุนัขที่รูปร่างหน้าตาโดดเด่นมาก ๆ เมื่อโตเต็มวัยจะมีส่วนสูงไม่เกิน 25 ซม.และหนักประมาณ 1.8 - 2.7 กก. แม้สุนัขมอลทีสจะตัวเล็ก อารมณ์ดี และท่วงท่าสง่างาม แต่สุนัขสายพันธุ์เล็กพันธุ์นี้ไม่ได้มีดีเพียงหน้าตาเท่านั้น บางครั้งก็เจ้าอารมณ์เช่นกัน มักเห่าเสียงดังเมื่อเกิดอาการหวาดระแวงสิ่งต่าง ๆ จึงจำเป็นต้องฝึกตั้งแต่ยังเล็ก ไม่ให้เห่าเมื่อมีสิ่งยั่วยุเล็ก ๆ น้อย ๆ สุนัขมอลทีสเป็นอีกหนึ่งสุนัขสายพันธุ์เก่าแก่ ซึ่งชาร์ลส์ ดาร์วิน ค้นพบประวัติสุนัขพันธุ์มอลทีสเมื่อสืบย้อนกลับไปถึงช่วง 6,000 ปีก่อนคริสตกาล สุนัขมอลทีสเป็นสายพันธุ์ย่อยของกลุ่มสายพันธุ์บิชอง ซึ่งมีที่มาจากแถบเมดิเตอร์เรเนียน เป็นที่ทราบกันดีว่า พูบลิอุส (Publius) ผู้ปกครองมัลตาแห่งจักรวรรดิโรมันในช่วงคริสศักราชที่ 1 ก็เลี้ยงสุนัขสายพันธุ์มอลทีสชื่อ อิสซา สายพันธุ์นี้เป็นที่นิยมในหมู่เชื้อพระวงศ์และเหล่าขุนนางมาตลอดหลายยุคสมัยและยังปรากฏในภาพวาดของสมเด็จพระราชินีเอลิซาเบ็ธที่ 1 และสมาชิกคนอื่น ๆ ในราชวงศ์ ว่ากันว่าขณะที่พระราชินีแมรีแห่งสก็อตแลนด์กำลังจะถูกประหารด้วยการบั่นพระศอ พระนางได้ซ่อนสุนัขมอลทีสไว้ใต้กระโปรงด้วย สุนัขสายพันธุ์เล็กมีอัตราการเผาผลาญพลังงานสูง ย่อยอาหารได้รวดเร็ว แต่ด้วยกระเพาะอาหารขนาดเล็ก อาหารที่ให้สุนัขมอลทีสควรมีปริมาณน้อย แต่แบ่งย่อยเป็นหลายมื้อ อาหารของสุนัขพันธุ์เล็กออกแบบมาเป็นพิเศษให้มีสารอาหารสำคัญในปริมาณที่เหมาะสม และมีขนาดเม็ดที่เล็กพอดีกับขนาดช่องปาก ซึ่งช่วยให้เคี้ยวง่าย ส่งผลดีต่อระบบย่อยอาหาร การได้ออกกำลังกายวันละครึ่งชั่วโมงจะช่วยให้สุนัขมอลทีสอารมณ์ดี แต่จะออกกำลังกายมากกว่านี้ก็ได้หากมีเวลา บางครั้งสุนัขมอลทีสจะกระตือรือร้นมากจนน่าประหลาดใจหากได้ออกไปเที่ยวข้างนอก บ่งบอกถึงสัญชาตญาณความเป็นนักล่าตัวน้อย สุนัขมอลทีสมีปัญหาสะบ้าหัวเข่าที่อาจเคลื่อนหลุดได้ (luxating patellas) เช่นเดียวกับสุนัขพันธุ์เล็กพันธุ์อื่น ๆ นอกจากนี้ยังมีความผิดปกติของดวงตาซึ่งเป็นการถ่ายทอดทางพันธุกรรม จึงแนะนำให้ตรวจสุขภาพตาเป็นประจำ สุนัขพันธุ์มอลทีสฉลาดกว่าที่หลายคนคิด ชอบเรียนรู้ทริคและเกมใหม่ ๆ เจ้าของควรฝึกให้รู้จักเดินตามสายจูงหรือสายรัดอกและฝึกให้กลับมาหาเจ้าของหลังเรียกชื่อ ดูภายนอกแล้วมอลทีสอาจดูเป็นสุนัขขนฟูหน้าตาน่ารัก แต่ถ้าเห็นกระรอกเมื่อไหร่ก็อาจวิ่งไล่สนุกกับเขาด้วยเหมือนกัน แม้สุนัขส่วนใหญ่จะเป็นมิตรกับเด็ก แต่ทั้งสุนัขมอลทีสและเด็กจะต้องได้รับการฝึกให้เคารพซึ่งกันและกัน และอยู่ร่วมกันได้อย่างปลอดภัย อย่างไรก็ตามไม่ควรปล่อยให้เด็กเล็กและสุนัขอยู่ด้วยกันตามลำพัง ควรเฝ้าระวังทุกครั้งที่เด็กเล่นกับสุนัข",https://www.purina.co.th/find-a-pet/dog/breed-library/maltese
dog,ปอมเมอเรเนียน (Pomeranian),ปอมเมอเรเนียน (Pomeranian) สุนัขตัวเล็กหัวใจไม่เล็กและเคล็ดลับในการดูแลสุขภาพ ทำความรู้จักปอมเมอเรเนียน (Pomeranian) ปอมเมอเรเนียน (Pomeranian) เป็นสุนัขที่จัดอยู่ในกลุ่ม Toy Group แม้ว่าจะมีขนาดตัวเล็กแต่ปอมเมอเรเนียนกลับครองใจเจ้าของผู้เลี้ยงมาอย่างยาวนาน แถมยังเป็นสายพันธุ์สุดโปรดของทั้งเจ้าของอย่างเราและเชื้อพระวงศ์ชั้นสูง แถมประวัติของสุนัขสายพันธุ์นี้ยังมีความน่าสนใจไม่แพ้สายพันธุ์ไหน ด้วยขนที่ฟูดูนุ่มน่ากอด หน้าตาจิ้มลิ้ม มีความเป็นมิตร น่ารักมีชีวิตชีวา ขนาดตัวที่แสนกะทัดรัด ช่างเอาอกเอาใจ แอคทีฟแสนกระตือรือร้น และเก่งไม่แพ้สุนัขสายพันธุ์ไหนในสนามประลองความสามารถก็เล่นทำได้ไปเสียหมดทุกเรื่องขนาดนี้ มิน่าล่ะทำไมใครๆ ก็เรียกปอมเมอเรเนียนว่าเป็นสุนัขตัวเล็กแต่ความสามารถรอบด้าน ปอมเมอเรเนียนจะมีน้ำหนักเฉลี่ยอยู่ที่ 1.3-3.1 กิโลกรัม และจัดว่าเป็นสุนัขที่มีขนาดตัวเล็กที่สุดในตระกูลสปิทซ์ (โดยมีญาติๆ เป็นสายพันธุ์ซามอยด์ อลาสกัน มาลามิว และ นอร์วิเจียน เอลก์ฮาวด์) แต่ความนิยมในสุนัขสายพันธุ์นี้ไม่ได้เล็กไปตามขนาดตัว โดยเฉพาะเมื่อปอมเมอเรเนียน กลายเป็นสุนัขตัวโปรดของพระราชินีวิกตอเรีย (อ่านเพิ่มเติมที่ ประวัติสายพันธุ์ปอมเมอเรเนียน) แม้จะน่ารัก มีขนสวย ฉลาด และแสนภักดีต่อครอบครัวขนาดไหน แต่อย่าปล่อยให้ความน่ารักหลอกคุณว่าสุนัขสายพันธุ์นี้จะมาคลอเคลียคุณตลอดเวลาเพราะปอมเมอเรเนียนก็มีความอินดี้ไม่ใช่เล่น แถมยังมีความขี้สงสัยเป็นที่สุด และถึงจะมีขนาดตัวเล็ก แต่เสียงเห่าของปอมเมอเรเนียนดังไม่แพ้ ใครที่ต้องการจะสอนหรือฝึกปอมเมอเรเนียน บอกเลยว่าคุณสามารถทำได้ แต่ต้องอาศัยความสม่ำเสมอและอดทนในการฝึกหน่อย เพราะถ้าเจ้าของไม่สามารถสร้างความสัมพันธ์กับปอมเมอเรเนียนในฐานะเจ้านายได้ สุนัขสายพันธุ์นี้ก็พร้อมที่จะเป็นนายคุณ และอาจจะสร้างพฤติกรรมน่าปวดหัวให้กับเจ้าของได้ไม่น้อยเลยทีเดียว ปอมเมอเรเนียนจัดว่าเป็นสุนัขที่มีพลังงานล้น ชอบที่จะออกไปเดินเล่นข้างนอก รักที่จะเชิดหน้าให้ดูสง่างาม เจอผู้คนใหม่ๆ และสำรวจโลกด้วยการดมฟุดฟิด และความมีพลังงานเชิงบวกของสุนัขสายพันธุ์นี้ ทำให้ปอมเมอเรเนียนเหมาะที่จะเป็นสุนัขที่ช่วยฟื้นฟูผู้ป่วย ผู้สูงอายุที่อยู่ที่บ้าน ขนาดของปอมเมอเรเนียน ปอมเมอเรเนียนจัดเป็นสุนัขขนาดเล็ก โดยมีความสูงประมาณ 7-12 นิ้ว และมีน้ำหนักอยู่ที่ 1.3-3.1 กิโลกรัม จึงจัดอยู่ในกลุ่ม Toy Group และมีอายุเฉลี่ยอยู่ที่ 12-16 ปี บุคลิกของปอมเมอเรเนียน สุนัขปอมเมอเรเนียนโดดเด่นที่ความฉลาดและมีชีวิตชีวา สุนัขสายพันธุ์นี้ชอบที่จะพบปะผู้คนใหม่ๆ และชอบที่จะเจอสัตว์เลี้ยงตัวอื่นๆ ด้วยเช่นกัน แต่ปอมเมอเรเนียนมักจะคิดว่าตัวเองเป็นน้องหมาตัวใหญ่ (ตัวเล็กแต่ใจกล้ามาก) แถมยังขี้สงสัยแบบสุดๆ จึงเหมาะที่จะให้สุนัขปอมเมอเรเนียนทำหน้าที่เฝ้ายาม มีหลายปัจจัยที่ส่งผลต่อนิสัยและอารมณ์ของปอมเมอเรเนียน เช่น พันธุกรรม การฝึก และการเข้าสังคม ลูกหมาปอมที่มีนิสัยที่ดีจะมีความช่างสงสัย ขี้เล่น ชอบที่จะเข้าหาคน และอยู่ด้วย หากคุณจะเลือกปอมเมอเรเนียนซักตัวมาเป็นหนึ่งในสมาชิก ก็ควรเลือกสุนัขตัวที่ยอมนั่งตักคุณแบบเต็มใจ ไม่ใช่สุนัขที่ไล่กัดเพื่อนตัวอื่น หรือขี้อายเสียจนแอบอยู่ที่มุมห้องอยู่ตัวเดียวอย่างเดียวดาย ปอมเมอเรเนียน มาจากจังหวัดปอมเมอเรเนียน ตั้งอยู่ทางชายฝั่งตอนใต้ของทะเลบอลติกในประเทศเยอรมัน ซึ่งที่นี่นิยมเลี้ยงปอมเมอเรเนียนไว้เป็นทั้งสัตว์เลี้ยงและทั้งใช้งาน เพราะเดิมเป็นสุนัขพันธุ์ใหญ่ใช้ลากเลื่อนและเฝ้าฝูงแกะ และเชื่อว่ามีต้นกำเนิดจากสุนัขสายพันธุ์สปิทซ์ สุนัขแถบไอซ์แลนด์และแ,https://www.purina.co.th/find-a-pet/dog/breed-library/pomeranian
dog,สุนัขพุดเดิ้ลทอย,สุนัขพุดเดิ้ลทอยเป็นสุนัขที่มีลักษณะสง่างาม ส่วนปากและจมูกเรียว คอยาว ขนหยิก มักมีการตัดแต่งทรง และมีได้หลายเฉดสี ได้แก่ สีคราม เทา เงินเข้ม น้ำตาล น้ำตาลอ่อน และสีครีม เมื่อโตเต็มวัยจะมีความสูงไม่เกิน 28 ซม. และหนักไม่เกิน 4.5 กก. สุนัขพุดเดิ้ลทอยมีชีวิตชีวาและจิตใจดี ทำหน้าที่เป็นสุนัขคู่ใจได้อย่างดีเยี่ยม สามารถเฝ้าบ้านได้ พร้อมเห่าเตือนเมื่อมีแขกมาหา สุนัขพุดเดิ้ลทอยเป็นสุนัขอารมณ์ดี ตอบสนองกับเสียงสูงต่ำได้ไวเป็นพิเศษ และตอบสนองกับการฝึกได้ดี เด็ก ๆ ต้องเรียนรู้วิธีการเข้าหาสุนัขสายพันธุ์เล็กแต่ความรู้สึกไวพันธุ์นี้อย่างระมัดระวัง สุนัขพุดเดิ้ลทอยนี้มีประวัติความเป็นมาตั้งแต่ราว 500 ปีที่แล้ว ในช่วงศตวรรษที่ 17-18 สุนัขพันธุ์พุดเดิ้ลเป็นที่นิยมในหมู่ชนชั้นสูงที่ต้องการสุนัขที่มีขนาดเล็กกว่าสายพันธุ์เล็กทั่วไป จึงนำไปสู่การพัฒนาสายพันธุ์พุดเดิ้ลทอยขึ้น คำว่า “พุดเดิ้ล” (Poodle) มาจากคำในภาษาเยอรมัน “พูเดล” (pudel) หมายถึง “จอมลุยน้ำ” เนื่องจากสุนัขพุดเดิ้ลพันธุ์มาตรฐาน (ต้นสายพันธุ์ของมินิและทอย) ขึ้นชื่อเรื่องการคาบเหยื่อหรือเก็บสิ่งของต่าง ๆ บนผิวน้ำ สุนัขพุดเดิ้ลทอย เป็นสุนัขที่มีอัตราการเผาผลาญพลังงานสูง ย่อยอาหารได้รวดเร็ว แต่ด้วยกระเพาะอาหารขนาดเล็ก ควรให้อาหารปริมาณน้อย แต่แบ่งย่อยเป็นหลายมื้อ อาหารของสุนัขพันธุ์เล็กออกแบบมาเป็นพิเศษให้มีสารอาหารสำคัญในปริมาณที่เหมาะสม และมีขนาดเม็ดที่เล็กพอดีกับขนาดปาก ซึ่งช่วยให้เคี้ยวง่าย ส่งผลดีต่อระบบย่อยอาหาร สุนัขพุดเดิ้ลทอยไม่ค่อยอยู่นิ่ง ขี้เล่น และชื่นชอบการเล่นกิจกรรมสนุก ๆ เป็นพิเศษ การเข้าร่วมกิจกรรมต่าง ๆ ที่กระตุ้นการทำงานของสมองและร่างกายเหมาะกับสุนัขพันธุ์นี้ สุนัขพุดเดิ้ลทอยเข้าใจคำสั่งได้อย่างดี มีความคล่องแคล่ว และชอบเล่นกีฬา สุนัขพุดเดิ้ลทอยอาจมีปัญหาสะบ้าหัวเข่าเคลื่อนหลุด (luxating patellas) เช่นเดียวกับสุนัขพันธุ์เล็กพันธุ์อื่น ๆ และเสี่ยงต่อปัญหาบริเวณสะโพก รวมถึงความผิดปกติของดวงตาเนื่องจากพันธุกรรมดังนั้นจึงควรได้รับการตรวจเป็นประจำที่ควรตรวจอย่างสม่ำเสมอ แม้สุนัขส่วนใหญ่จะเป็นมิตรกับเด็ก แต่ทั้งสุนัขพุดเดิ้ลทอยและเด็กจะต้องได้รับการฝึกให้เคารพซึ่งกันและกัน และอยู่ร่วมกันได้อย่างปลอดภัย อย่างไรก็ตามไม่ควรปล่อยให้เด็กเล็กและสุนัขอยู่ด้วยกันตามลำพัง ควรเฝ้าระวังทุกครั้งที่เด็กเล่นกับสุนัข,https://www.purina.co.th/find-a-pet/dog/breed-library/poodle-toy
dog,สุนัขปั๊ก,“น้อยแต่มาก” คือคำขวัญประจำสุนัขปั๊ก บ่งบอกได้ว่า “ตัวเล็กแต่มีอะไรมากมายให้ค้นหา” สุนัขปั๊กถือว่าเป็นสุนัขตระกูลทอยหรือสุนัขสายพันธุ์เล็ก เมื่อโตเต็มวัย ขณะยืนจะสูงประมาณ 25 - 33 ซม. รูปร่างจะดูเหลี่ยม ล่ำ มีกล้ามเนื้อ และหนักอย่างไม่น่าเชื่อ โดยมีน้ำหนักประมาณ 6.3 - 8.1 กก. ขนสั้น นุ่มและเป็นมัน มีสีเทาเงิน น้ำตาลส้มแอปริคอต น้ำตาลทอง หรือสีดำ สุนัขปั๊ก มีเสน่ห์ อารมณ์ดี พร้อมจะเป็นคู่หูที่ส่งมอบความสุขและความเป็นมิตรให้กับเจ้าของ แม้จะตัวเล็กแต่ด้วยนิสัยที่ดี สุนัขปั๊กก็พร้อมจะเป็นขวัญใจของทั้งเด็กและผู้ใหญ่ มีนิสัยใจเย็น รักความสงบ แต่ก็มีจังหวะขี้เล่นเรียกเสียงหัวเราะได้บ่อย ๆ เช่นกัน หากใส่ใจดูแลสุนัขพันธุ์นี้ คุณก็จะได้คู่หูที่ดีเยี่ยมมาหนึ่งตัว เพราะปั๊กเองไม่ชอบอยู่ห่างจากคนเจ้าของนาน ๆ สุนัขพันธุ์นี้มีประวัติโดดเด่นมาอย่างยาวนาน คาดว่าสุนัขปั๊กมีต้นกำเนิดที่ประเทศจีน และเข้าสู่ทวีปยุโรปไปกับเรือวาณิช ก่อนจะถูกพัฒนาสายพันธุ์ในเนเธอร์แลนด์ช่วงก่อนศตวรรษที่ 16 สุนัขพันธุ์ปั๊กมีความเชื่อมโยงกับราชวงศ์ดัตช์และสายราชสกุลเฮ้าส์ออฟออร์เรนจ์ (House of Orange) โดยหลังการปฏิบัติอันรุ่งโรจน์ (Glorious Revolution) ในปี 1689 พระเจ้าวิลเลี่ยมที่สองได้ขึ้นครองราชย์ในประเทศอังกฤษ พร้อมกับมีสุนัขพันธุ์ปั๊กเคียงข้าง ทำให้สุนัขพันธุ์นี้ได้รับความนิยมในหมู่ชนชั้นสูง ขนของสุนัขปั๊กไม่ต้องการการดูแลมาก เพียงแค่แปรงขน สัปดาห์ละครั้งก็เพียงพอแล้ว อย่างไรก็ดี ต้องทำความสะอาดรอยย่นบนจมูกทุกวัน รวมทั้งตรวจหูและตาด้วย สุนัขปั๊กต้องการการออกกำลังกายเพียงครึ่งชั่วโมงต่อวัน แต่ก็พร้อมป้วนเปี้ยนรอบ ๆ คุณ หรือออกไปทำธุระเป็นเพื่อนคุณเสมอ ไม่ควรพาไปออกกำลังกายช่วงอากาศร้อน หรือปล่อยให้รออยู่ในรถแม้อากาศจะไม่ร้อนมาก เพราะอาจทำให้หายใจไม่ออกได้ สุนัขพันธุ์ปั๊กเหมาะกับเจ้าของที่มีอารมณ์ขัน และต้องการเลี้ยงสุนัขขนาดเล็กที่มีเสน่ห์ และฝึกง่าย พร้อมไปไหนด้วยกันทุกที่ ปั๊กเป็นสุนัขที่ไม่ต้องพาไปออกกำลังกายมากนัก แต่ระวังเสียงนอนกรนของสุนัขพันธุ์นี้ให้ดี ปัญหาสุขภาพหลักของสุนัขปั๊กเกิดจากลักษณะใบหน้าที่แบน ซึ่งอาจก่อให้เกิดปัญหาระบบทางเดินหายใจ ทำให้หายใจลำบาก ดังนั้นจึงต้องหลีกเลี่ยงไม่ให้ออกกำลังกายมากเกินไป และรักษาอุณหภูมิร่างกายไม่ให้สูงเกิน สุนัขพันธุ์นี้เสี่ยงมีปัญหาสายตาเช่นเดียวกับสุนัขสายพันธุ์เล็กอื่น ๆ และอาจมีปัญหาสะบ้าหัวเข่าที่อาจเคลื่อนหลุดได้ (luxating patellas) ปั๊กเป็นสุนัขที่เหมาะกับการเลี้ยงในสังคมเมืองที่มีพื้นที่น้อย ไม่ต้องการสวน ขอแค่ได้ออกไปข้างนอกเดินออกกำลังกายหรือขับถ่ายก็พอแล้ว แต่ถ้าเลี้ยงในเขตชนบท สุนัขปั๊กก็ใช้ชีวิตได้อย่างมีความสุขเช่นกัน หลายคนอาจประเมินสุนัขตัวจิ๋วตัวนี้ผิดไป แตจริง ๆ แล้วสุนัขปั๊กสามารถรับการฝึกได้ดีเกิดคาด และยังชอบการเรียนรู้ ทั้งการฝึกคำสั่งพื้นฐาน และฝึกเทคนิคสนุก ๆ ด้วย สุนัขปั๊กควรได้รับการฝึกให้เดินด้วยสายจูงและสายคล้องตัว รวมถึงการฝึกให้ตอบรับเวลาเรียก แม้สุนัขสายพันธุ์นี้จะไม่เดินออกห่างจากเจ้าของสุดที่รักไปไกล ๆ ก็ตาม แม้สุนัขส่วนใหญ่จะเป็นมิตรกับเด็ก แต่ทั้งสุนัขปั๊กและเด็กจะต้องได้รับการฝึกให้เคารพซึ่งกันและกัน และอยู่ร่วมกันได้อย่างปลอดภัย อย่างไรก็ตามไม่ควรปล่อยให้เด็กเล็กและสุนัขอยู่ด้วยกันตามลำพัง ควรเฝ้าระวังทุกครั้งที่เด็กเล่นกับสุนัข,https://www.purina.co.th/find-a-pet/dog/breed-library/pug
dog,โกลเด้น รีทริฟเวอร์ (Golden Retriever),สำหรับคนรักสุนัขทั้งหลายคงไม่มีใครไม่รู้จัก โกลเด้น รีทริฟเวอร์ (Golden Retriever) ด้วยขนาดตัวที่พอเหมาะ สายตาที่อ่อนโยน เป็นมิตร ร่าเริง ขนสีทองอร่าม และหางเป็นแพคล้ายขนนกที่แกว่งไปมาตลอดเวลา บทความนี้จะพามาทำความรู้จักกับสุนัขพันธุ์โกลเด้น รีทริฟเวอร์ในทุกแง่มุม ทั้งภาพรวมของสายพันธุ์ และเคล็ดลับในการดูแลสุขภาพ และกิจกรรมที่เหมาะสม สุนัขโกลเด้น รีทริฟเวอร์ นั้นเป็นสุนัขที่เป็นมิตรและนิสัยดีเป็นอันดับต้นๆ ในบรรดาสุนัขทั้งหมด แต่เดิมสุนัขโกลเด้น รีทริฟเวอร์ ถูกปรับปรุงพันธุ์มาเพื่อเป็นผู้ช่วยของบรรดาผู้ที่ชื่นชอบการล่านกเป็ดน้ำ สุนัขพันธุ์นี้จึงค่อนข้างแอคทีฟ และมีพลังงานสูง มีนิสัยชอบคาบ รวมถึงกัดแทะสิ่งของต่าง ๆ นอกจากจะเป็นผู้ช่วยที่ดีในเกมกีฬาแล้ว สุนัขโกลเด้น รีทริฟเวอร์ ยังทำหน้าที่เป็นสมาชิกครอบครัวได้อย่างดีเยี่ยมสุนัขพันธุ์นี้ชอบเป็นที่รักและจุดสนใจของผู้คน ชอบอ้อนเอาใจเจ้าของ เรียกได้ว่าเป็นสุนัขที่ชอบเข้าสังคมที่สุด จึงแทบไม่มีปัญหาในการอยู่ร่วมกับคนหรือสิ่งมีชีวิตชนิดอื่นเลย แต่ในทางกลับกันการที่ปล่อยโกลเด้น รีทริฟเวอร์ไว้ตัวเดียว อาจทำให้สุนัขรู้สึกเหงา และอาจนำไปสู่ปัญหาพฤติกรรมบางอย่าง เช่น การกัดแทะเฟอร์นิเจอร์ เป็นต้น ดังนั้นหากคิดที่จะเลี้ยงสุนัขโกลเด้น รีทริฟเวอร์ คุณต้องมั่นใจว่าคุณจะมีเวลาเล่น หรืออย่างน้อยที่บ้านควรมีคนอยู่เป็นเพื่อนกับเขา ยิ่งไปกว่านั้นสุนัขโกลเด้น รีทริฟเวอร์ ยังเป็นสุนัขที่มีความเป็นเด็กสูง ทั้งนิสัยและพฤติกรรมแบบลูกสุนัขอาจติดตัวเขาไปจนกระทั่งอายุ 2 - 3 ปี (ในบางตัวอาจเป็นตลอดชีวิต) อีกทั้งยังเป็นหนึ่งในสายพันธุ์ที่ฉลาดมาก สามารถฝึกฝนและจดจำบทเรียนได้ดี แต่เนื่องจากนิสัยที่เหมือนเด็ก จึงพบว่าหลายครั้งสุนัขพันธุ์ก็นี้ถูกชักจูงและทำให้เสียสมาธิได้ง่าย เพราะฉะนั้นในการฝึกแต่ละครั้งอาจต้องใช้ระยะเวลาแค่สั้น ๆ แต่อาศัยการฝึกบ่อย ๆ และที่สำคัญการฝึกให้ลูกสุนัขเข้าสังคมได้ออกไปเจอผู้คน สิ่งมีชีวิต หรือเสียงที่หลากหลายตั้งแต่เด็ก จะช่วยให้พวกเขาโตมาเป็นสุนัขที่นิ่งมากขึ้น หลายคนเข้าใจว่าสุนัขโกลเด้น รีทริฟเวอร์ สืบเชื้อสายมาจากสุนัขพันธุ์ Russian Sheepdog ที่ถูกซื้อมาจากคณะละครสัตว์ แต่ในความเป็นจริงแล้วสุนัขพันธุ์นี้ถูกพัฒนาสายพันธุ์ในประเทศสก็อตแลนด์ โกลเด้น รีทริฟเวอร์ ถูกเปิดตัวให้เป็นที่รู้จักครั้งแรกที่ The Kennel Club of England ประเทศอังกฤษ ในปี ค.ศ. 1911 โดยช่วงแรกสายพันธุ์นี้ถูกบันทึกไว้ว่าเป็น “Retriever-Yellow of Golden” และต่อมาถูกเปลี่ยนชื่อมาเป็น Golden Retriever ในปี ค.ศ. 1920 และถูกนำเข้าไปที่ประเทศสหรัฐอเมริกาในปี ค.ศ. 1925 และถูกบันทึกสายพันธุ์โดย American Kennel Club (AKC) ปัจจุบันสุนัขโกลเด้น รีทริฟเวอร์ กลายเป็นสายพันธุ์สุนัขที่คนนิยมเลี้ยงเป็นอันดับ 2 ของประเทศสหรัฐอเมริกา มาตรฐานสายพันธุ์โกลเด้น รีทริฟเวอร์ สุนัขโกลเด้น รีทริฟเวอร์ จัดเป็นสุนัขพันธุ์ใหญ่ ประเภทสุนัขเพื่อการกีฬา (Sporting dog) โดยมีความสูงประมาณ 21 - 24 นิ้ว และมีน้ำหนักอยู่ที่ 25 – 35 กิโลกรัม และมีอายุเฉลี่ยอยู่ที่ 10 – 12 ปี มีเฉดสีตั้งแต่น้ำตาลเข้ม สีเหลืองทอง ไปจนถึงสีเหลืองอ่อน ด้วยลักษณะนิสัยที่ชอบทำกิจกรรม โกลเด้น รีทริฟเวอร์ ที่มีความคล่องแคล่วว่องไว มีความต้องการพลังงานสูง แต่ในขณะเดียวกันก็มีปัญหาเรื่องกระดูกและข้อต่อ โรคภูมิแพ้ ดังนั้นเจ้าของสุนัขจึงควรพิจารณาความต้องการอาหารดังต่อไปนี้ พลังงาน เช่น ควรเลือกอาหารที่มีปริมาณพลังงานสอดคล้องกับความต้องการของสุนัขในแต่ละช่วงอายุ ควรลดการให้อาหารที่มีไขมันสูงมาก เพื,https://www.purina.co.th/find-a-pet/dog/breed-library/golden-retriever
dog,สุนัขลาบราดอร์ รีทรีฟเวอร์,สุนัขลาบราดอร์ รีทรีฟเวอร์เป็นสุนัขพันธุ์ใหญ่ มีรูปร่าง โครงสร้างกระดูกและกล้ามเนื้อที่แข็งแรง ส่วนหัวใหญ่ มีดวงตาที่ดูอ่อนโยน เฉลียวฉลาด มีหางที่เป็นเอกลักษณคล้ายหางตัวนาก ขนที่สั้นและแน่น มีได้หลายสี ตั้งแต่ดำล้วน น้ำตาลทอง และสีน้ำตาล เมื่อโตเต็มวัยจะสูง 56 - 57 ซม.และหนักประมาณ 30 กก. ส่วนเพศเมียสูงประมาณ 55 - 56 ซม. และหนักราวๆ 28 กก. สุนัขลาบราดอร์ รีทรีฟเวอร์เป็นสุนัขยอดนิยมตลอดกาลและเป็นตัวเลือก 1 ใน 3 ของคนที่ตามหาสัตว์เลี้ยงประจำครอบครัว โดยเฉพาะเจ้าของที่ชอบการออกกำลังกาย สุนัขสายพันธุ์นี้เป็นมิตร มีนิสัยดี พร้อมมอบความรักให้กับทุกคน และยังเป็นสัตว์ที่เข้าสังคม ปรับตัวเก่ง สร้างสัมพันธ์กับสัตว์อื่น ๆ และเด็กได้ดี เพราะมีความอดทน เชื่อง แต่ก็ไม่ควรไปล้ำเส้น สุนัขลาบราดอร์ รีทรีฟเวอร์ซื่อสัตย์มากและชอบมีส่วนร่วมกับสมาชิกครอบครัวทุกเวลา และจะเห่าบอกเจ้าของเมื่อเจอคนแปลกหน้า แต่ก็พร้อมต้อนรับแขกเป็นอย่างดี สุนัขลาบราดอร์ รีทรีฟเวอร์ ไม่ได้มีต้นกำเนิดมาจากภูมิภาคลาบราดอร์ แต่เป็นพื้นที่ชายฝั่งเกาะนิวฟันด์แลนด์ ประเทศแคนาดา ในช่วงศตวรรษที่ 17 ชาวประมงได้ฝึกให้สุนัขสายพันธุ์นี้ช่วยเก็บแหจับปลาในน้ำที่หนาวเย็น และในช่วงต้นศตวรรษที่ 19 มีการนำสุนัขพันธุ์นี้เข้าไปยังพูลฮาร์เบอร์ สหราชอาณาจักร เนื่องจากลักษณะที่สะดุดตา ทำให้มีชาวอังกฤษขอซื้อต่อจากชาวประมงเป็นจำนวนมาก สุนัขพันธุ์ลาบราดอร์นี้ได้รับการยอมรับโดยทันทีในฐานะสุนัขคาบเหยื่อ เอิร์ลแห่งมาล์มสบรี (Earl of Malmesbury) ประทับใจสุนัขพันธุ์นี้มาก ซึ่งในขณะนั้นยังใช้ชื่อว่า พันธุ์เซ็นต์จอห์น (Saint John's breed) พอได้เริ่มเพาะพันธุ์จึงได้ตั้งชื่อใหม่ว่า ลาบราดอร์ หรือ “แล็บ” สุนัขพันธุ์ใหญ่ มื้ออาหารก็ย่อมใหญ่ตาม สุนัขลาบราดอร์ รีทรีฟเวอร์ต้องการสารอาหารที่สมดุล จำเป็นจะต้องมีแร่ธาตุและวิตามินที่ต่างไปจากอาหารของสายพันธุ์เล็ก และมักมีปัญหาเรื่องกระเพาะอาหารและท้องอืด ดังนั้นควรให้กินอาหารในปริมาณน้อย แต่แบ่งย่อยเป็นหลายมื้อ เพื่อลดความเสี่ยงของอาการเหล่านี้ สุนัขลาบราดอร์ รีทรีฟเวอร์พร้อมปรับเวลาออกกำลังกายเท่าที่เจ้าของจะเอื้อให้ได้ แต่ก็ต้องการการออกกำลังกายที่เพียงพอ โดยสุนัขที่โตเต็มวัยต้องการเวลาออกกำลังประมาณวันละ 2 - 3 ชั่วโมงเพื่อสุขภาพที่แข็งแรง สุนัขลาบราดอร์ชอบเดินเล่นระยะทางค่อนข้างไกล โดยอาจสลับกับการวิ่ง และเดินเล่นแบบไม่มีสายจูง ชอบเล่นเก็บของ ว่ายน้ำ แต่เวลาอยู่ใกล้แหล่งน้ำก็ต้องระมัดระวังอย่างมากเพื่อความปลอดภัยของสุนัข สุนัขพันธุ์นี้มีแนวโน้มน้ำหนักตัวมากเกิน ปัญหานี้มักเกิดจากการกินเก่งและขาดการออกกำลังกาย สุนัขลาบราดอร์ รีทรีฟเวอร์เสี่ยงเป็นโรคตาที่เกิดจากกรรมพันธุ์เหมือนกับอีกหลายสายพันธุ์ และยังมีปัญหาเรื่องข้อศอก ข้อสะโพกเสื่อม จึงควรตรวจสุขภาพตาและสะโพกของสุนัขก่อนการเพาะพันธุ์ สุนัขลาบราดอร์ รีทรีฟเวอร์เป็นสุนัขพันธุ์ใหญ่ บ้าพลังเยอะ และมีหัวใจคันทรี่ จึงต้องการพื้นที่อาศัยที่มีขนาดใหญ่พอตัว ด้วยความบ้าพลังเยอะทำให้สุนัขพันธุ์นี้ชอบสวนกว้าง ๆ และชอบการออกไปเดินเล่นนอกบ้าน สุนัขลาบราดอร์ รีทรีฟเวอร์ ชื่นชอบและสนุกไปกับการฝึก ด้วยความฉลาด เชื่อฟังคำสั่ง และชอบรักการทำกิจกรรมร่วมกับเจ้าของ แต่โดยทั่วไปสุนัขพันธุ์นี้ไม่มีปัญหาที่น่ากังวล แต่ก็ควรต้องควรได้รับการฝึกเพื่อให้สมองได้พัฒนาอย่างต่อเนื่อง นอกจากนี้สุนัขลาบราดอร์ รีทรีฟเวอร์อาจยังมีนิสัยร่าเริงแบบขั้นสุด และอาจจะชอบทำร้ายลายล้างสิ่งของหากไม่ได้ออกกำลังกายเพียงพอ เพราะเป็นวิธีปลดปล่อยพฤติกรรมเฉพาะสายพันธุ์ ด้วยความเป,https://www.purina.co.th/find-a-pet/dog/breed-library/labrador-retriever
dog,สุนัขเชทแลนด์ ชีพด็อก,สุนัขสายพันธุ์เล็กถึงปานกลางที่หน้าตาน่ารัก ท่วงท่าสง่างามอย่างสุนัขเชทแลนด์ ชีพด็อก มีลักษณะที่เด่นสะดุดตาจากแผงขนรอบคอและอก พร้อมกับขนบริเวณขาและหางที่ยาวมากเป็นพิเศษ สุนัขพันธุ์นี้มีขนหลายสี หลากหลายลวดลาย และยังมีแบบผสมด้วย สามารถศึกษารายละเอียดได้จากมาตรฐานสายพันธุ์ เพศผู้ที่โตเต็มวัยสูงประมาณ 37 ซม. ส่วนเพศเมียสูง 35.5 ซม. น้ำหนักเมื่อโตเต็มวัยอยู่ระหว่าง 6 - 12 กก. สุนัขเชทแลนด์ ชีพด็อก อาจจะดูสง่างามและนิ่มนวล แต่แท้จริงแล้วเป็นสายพันธุ์แข็งแรง เลี้ยงไว้สำหรับใช้งาน และยังมีพลังงานล้นเหลือ เป็นสุนัขที่ทุ่มเทให้กับเจ้าของอย่างสุดชีวิต และมักจะทำตัวห่างเหินกับคนที่ไม่รู้จัก สุนัขเชทแลนด์ ชีพด็อก มักตื่นตัวอยู่ตลอดเวลา พร้อมส่งเสียงบอกคุณทุกเรื่อง หากเจ้าของไม่สามารถคุมสถานการณ์ได้ ก็อาจจะสร้างปัญหาให้กับเพื่อนบ้านด้วยเช่นกัน ประเทศต้นกำเนิด: หมู่เกาะเชทแลนด์ สุนัขพันธุ์นี้ได้ชื่อมาจากเกาะเชทแลนด์ซึ่งอยู่ทางฝั่งตะวันออกเฉียงเหนือของสก็อตแลนด์ ซึ่งเป็นสถานที่กำเนิดและพัฒนาจนเกิดเป็นสายพันธุ์นี้ เดิมทีสุนัขเชทแลนด์ ชีพด็อก หรือ “เชทตี้” ถูกใช้งานเป็นสุนัขต้อนแกะและบางครั้งต้องทนอยู่ในสภาพแวดล้อมที่ยากลำบาก เชื่อกันว่าเชทตี้เกิดจากการผสมกันของสุนัขหลายพันธุ์ เช่น สปิตซ์และสก็อตติช ชีพด๊อก (Scottish Sheepdog) ต่อมาชายชาวเชทแลนด์ ชื่อ เจมส์ ล๊อกกี้ ได้นำราฟคอลลี่ (คอลลี่ขนยาว) พันธุ์เล็กมาผสมจนเกิดเป็นสุนัขเชทแลนด์ ชีพด็อกสายพันธุ์ปัจจุบัน ส่งผลให้คุณล๊อกกี้ได้รับตำแหน่งเลขานุการคนแรกของสมาคมพัฒนาพันธุ์สุนัขเชทแลนด์ ชีพด็อกในปี 1908 สุนัขเชทแลนด์ ชีพด็อก เป็นสุนัขสายพันธุ์เล็กมีอัตราการเผาผลาญพลังงานสูง ย่อยอาหารได้รวดเร็ว แต่ด้วยกระเพาะอาหารขนาดเล็ก ควรอาหารให้ปริมาณน้อย แต่แบ่งย่อยเป็นหลายมื้อ อาหารของสุนัขพันธุ์เล็กออกแบบมาเป็นพิเศษให้มีสารอาหารสำคัญในปริมาณที่เหมาะสม และมีขนาดเม็ดที่เล็กพอดีกับขนาดปาก ซึ่งช่วยให้เคี้ยวง่าย ส่งผลดีต่อระบบย่อยอาหาร สุนัขเชทแลนด์ ชีพด็อกต้องออกกำลังกายอย่างน้อยวันละชั่วโมง แต่ด้วยพลังงานที่เหลือล้น นอกจากการเดินเล่นกับเจ้าของแล้ว สุนัขพันธุ์นี้ก็ยังชอบการฝึกฝน และมักทำผลงานได้ดีในเกมกีฬาต่างๆ สำหรับสุนัข เช่น กีฬาที่เน้นความความว่องไว กีฬาเน้นฟังคำสั่ง และวิ่งแข่งคาบลูกบอล (flyball) สุนัขพันธุ์นี้ได้ชื่อมาจากเกาะเชทแลนด์ซึ่งอยู่ทางฝั่งตะวันออกเฉียงเหนือของสก็อตแลนด์ ซึ่งเป็นสถานที่กำเนิดและพัฒนาจนเกิดเป็นสายพันธุ์นี้ เดิมทีสุนัขเชทแลนด์ ชีพด็อก หรือ “เชทตี้” ถูกใช้งานเป็นสุนัขต้อนแกะและบางครั้งต้องทนอยู่ในสภาพแวดล้อมที่ยากลำบาก เชื่อกันว่าเชทตี้เกิดจากการผสมกันของสุนัขหลายพันธุ์ เช่น สปิตซ์และสก็อตติช ชีพด๊อก (Scottish Sheepdog) ต่อมาชายชาวเชทแลนด์ ชื่อ เจมส์ ล๊อกกี้ ได้นำราฟคอลลี่ (คอลลี่ขนยาว) พันธุ์เล็กมาผสมจนเกิดเป็นสุนัขเชทแลนด์ ชีพด็อกสายพันธุ์ปัจจุบัน ส่งผลให้คุณล๊อกกี้ได้รับตำแหน่งเลขานุการคนแรกของสมาคมพัฒนาพันธุ์สุนัขเชทแลนด์ ชีพด็อกในปี 1908 สุนัขเชทแลนด์ ชีพด็อกไม่ได้ต้องการพื้นที่มากมาย จะเป็นบ้านหรือพาหนะก็อยู่ได้ โดยต้องไม่ใช้พื้นที่เยอะ แต่ถ้าจะให้ดีบ้านที่เลี้ยงควรอยู่ห่างจากเพื่อนบ้านหรือความวุ่นวายจากการจราจรบนท้องถนน เพราะสุนัขเชทแลนด์ ชีพด็อกมักจริงจังกับบทบาทสุนัขเฝ้าระวังเป็นอย่างมาก และเป็นที่รู้ดีว่าชอบส่งเสียงดัง ดังนั้นสุนัขเชทแลนด์ ชีพด็อกจึงไม่เหมาะกับการเลี้ยงในห้องพักหรือตึกแถว สุนัขเชทแลนด์ ชีพด็อกจัดเป็นสุนัขตัวเล็กที่เรียนรู้เร็ว มีความปราดเปรื่องสูง และพร้อมสนุกไปกับเจ้าของในการ,https://www.purina.co.th/find-a-pet/dog/breed-library/shetland-sheepdog
dog,ชิสุห์ (Shih Tzu),มารู้จักและดูแลสุขภาพชิสุห์ (Shih Tzu) กันเถอะ ทำความรู้จักกับชิสุห์ (Shih Tzu) ชิสุห์ (Shih Tzu) จัดเป็นสุนัขในกลุ่ม Toy Group ถึงแม้ว่าจะมีหุ่นที่ไม่ค่อยจะเหมือนสุนัขสายพันธุ์เล็กทั่วไปสักเท่าไหร่ แต่ชิสุห์กลับครองใจผู้เลี้ยงหลากหลายตั้งแต่ระดับจักรพรรดิจีนโบราณไปจนถึงเหล่าดาราฮอลลีวู้ด ด้วยขนที่ฟูดูนุ่มน่ากอด หน้าตาจิ้มลิ้ม มีความเป็นมิตร ชอบอยู่กับเจ้าของ ช่างเอาอกเอาใจ เราจึงตกหลุมรักน้องได้โดยไม่ยาก นอกจากลักษณะที่ใครเห็นเป็นต้องรัก สุนัขพันธุ์นี้ยังมีประวัติที่เก่าแก่และมีความน่าสนใจไม่แพ้สายพันธุ์ไหน มิน่าล่ะทำไมใครๆ ก็เรียกได้ว่านอกจากจะน่ารักแล้วยังมีแต่เรื่องราวน่าสนใจอีกด้วย สุนัขสายพันธุ์ชิสุห์จัดเป็นสุนัขในกลุ่ม Toy Group ที่มีโครงสร้างร่างกายที่แข็งแรง นอกจากตัวเล็กน่ารักแล้ว ยังเป็นสุนัขที่ไม่ค่อยเห่า ไม่ค่อยส่งเสียงดัง สามารถปรับตัวให้เข้ากับสมาชิกในครอบครัว รวมถึงสัตว์เลี้ยงตัวอื่นๆได้ดี และมักไม่ค่อยมีปัญหาเมื่อต้องพบเจอกับคนแปลกหน้า ชิสุห์จัดเป็นสุนัขที่ฉลาด สามารถเรียนรู้และฝึกได้ค่อนข้างดี แต่ต้องอาศัยความสม่ำเสมอและความชัดเจนในการฝึก โดยเฉพาะการฝึกที่มีขนมเป็นรางวัล ชิสุห์ขึ้นชื่อเรื่องการฝึกขับถ่ายที่ทำได้ค่อนข้างยาก แต่ฝึกยากไม่ได้แปลว่าฝึกไม่ได้ เพียงแค่อาจจะต้องอาศัยเวลาและความตั้งใจมากเป็นพิเศษเท่านั้นเอง ขนาดของสุนัขพันธุ์ชิสุห์ สุนัขสายพันธุ์ชิสุห์จัดเป็นสุนัขขนาดเล็ก โดยมีความสูงประมาณ 8-11 นิ้ว และมีน้ำหนักอยู่ที่ 19.8-35.2 กิโลกรัม และมีอายุเฉลี่ยอยู่ที่ 10-16 ปี มีสีหลากหลายตั้งแต่ขาว ดำ น้ำตาล ทอง และสีบลู บุคลิกของสุนัขชิสุห์โดยรวมแล้วถือว่าเป็นสุนัขที่ค่อนข้างเรียบร้อย แต่ก็มีมุมดื้ออยู่บ้าง ชิสุห์จะมีลักษณะนิสัยที่แตกต่างจากสุนัขสายพันธุ์เล็กทั่วไปที่มักจะตื่นตัวและไฮเปอร์ เพราะชิสุห์เป็นสุนัขที่ค่อนข้างสงบนิ่งและไม่แอคทีฟมากนัก เพราะฉะนั้นชิสุห์จึงไม่ต้องการการออกกำลังกายและการใช้พื้นที่เท่ากับสุนัขพันธุ์เล็กอื่นๆ เนื่องจากชิสุห์ถูกพัฒนาสายพันธุ์เพื่ออยู่ในบ้านของชนชั้นสูง ชิสุห์จึงมีความผูกพันธ์กับเจ้าของค่อนข้างสูง ชอบที่จะทำกิจกรรมเล็กๆ น้อยๆ กระชับความสัมพันธ์กับเจ้าของ เช่น การนอนบนโซฟาหรือบนตักเจ้าของขณะดูทีวี หรือเดินตามเจ้าของไปในจุดต่างๆของบ้าน เรียกได้ว่าชิสุห์เป็นสายชิลล์และสายแฟมิลี่อย่างแท้จริง สุนัขสายพันธุ์ชิสุห์จัดเป็นสุนัขในกลุ่ม Toy Group ที่มีโครงสร้างร่างกายที่แข็งแรง นอกจากตัวเล็กน่ารักแล้ว ยังเป็นสุนัขที่ไม่ค่อยเห่า ไม่ค่อยส่งเสียงดัง สามารถปรับตัวให้เข้ากับสมาชิกในครอบครัว รวมถึงสัตว์เลี้ยงตัวอื่นๆได้ดี และมักไม่ค่อยมีปัญหาเมื่อต้องพบเจอกับคนแปลกหน้า ชิสุห์จัดเป็นสุนัขที่ฉลาด สามารถเรียนรู้และฝึกได้ค่อนข้างดี แต่ต้องอาศัยความสม่ำเสมอและความชัดเจนในการฝึก โดยเฉพาะการฝึกที่มีขนมเป็นรางวัล ชิสุห์ขึ้นชื่อเรื่องการฝึกขับถ่ายที่ทำได้ค่อนข้างยาก แต่ฝึกยากไม่ได้แปลว่าฝึกไม่ได้ เพียงแค่อาจจะต้องอาศัยเวลาและความตั้งใจมากเป็นพิเศษเท่านั้นเอง ขนาดของสุนัขพันธุ์ชิสุห์ สุนัขสายพันธุ์ชิสุห์จัดเป็นสุนัขขนาดเล็ก โดยมีความสูงประมาณ 8-11 นิ้ว และมีน้ำหนักอยู่ที่ 19.8-35.2 กิโลกรัม และมีอายุเฉลี่ยอยู่ที่ 10-16 ปี มีสีหลากหลายตั้งแต่ขาว ดำ น้ำตาล ทอง และสีบลู บุคลิกของสุนัขชิสุห์โดยรวมแล้วถือว่าเป็นสุนัขที่ค่อนข้างเรียบร้อย แต่ก็มีมุมดื้ออยู่บ้าง ชิสุห์จะมีลักษณะนิสัยที่แตกต่างจากสุนัขสายพันธุ์เล็กทั่วไปที่มักจะตื่นตัวและไฮเปอร์ เพราะชิสุห์เป็นสุนัขที่ค่อนข้างสงบนิ่งและไม่แอคทีฟมากนัก เพราะฉะนั้นชิสุห์จึงไ,https://www.purina.co.th/find-a-pet/dog/breed-library/shih-tzu
dog,ไซบีเรียน ฮัสกี (Siberian Husky),สุนัขไซบีเรียน ฮัสกี (Siberian Husky) เป็นหนึ่งในสายพันธุ์สุนัขที่มีความสง่างาม ด้วยรูปลักษณ์ภายนอกและบุคลิกที่ดูนิ่ง แต่ก็กระฉับกระเฉง และมีพลังที่ล้นเหลือ และด้วยคุณสมบัติเหล่านี้ บ่อยครั้งจึงเลี่ยงไม่ได้ที่สุนัขพันธุ์นี้จะมีความผิดปกติในเรื่องข้อต่อ เช่น ข้อสะโพกเคลื่อน และปัญหาโรคผิวหนังตามมา บทความนี้จะพามาทำความรู้จักกับสุนัขพันธุ์ไซบีเรียน ฮัสกีในทุกแง่มุม ทั้งภาพรวมของสายพันธุ์ ปัญหาและเคล็ดลับในการดูแลสุขภาพ และกิจกรรมที่เหมาะสม ภายใต้ภาพลักษณ์ที่ดูสง่างามและกระฉับกระเฉงนั้น สุนัขไซบีเรียน ฮัสกี ถือเป็นสุนัขที่ขับเคลื่อนด้วยสัญชาตญาณอีกสายพันธุ์หนึ่ง สุนัขไซบีเรียน ฮัสกี มีความฉลาด และสง่างาม แต่สาเหตุที่หลายคนมองว่าสุนัขพันธุ์นี้ฝึกได้ยาก ไม่ใช่เรื่องของไหวพริบแต่อย่างใด แต่เป็นเพราะสุนัขสายพันธุ์นี้ไม่ชอบทำตามคำสั่งเสียมากกว่า ซึ่งในทางกลับกันสุนัขไซบีเรียน ฮัสกี ชอบที่จะทำกิจกรรมที่พวกเขาสนใจเท่านั้น เพราะฉะนั้นหากคุณต้องการฝึกสุนัขไซบีเรียน ฮัสกี คุณต้องมั่นใจว่าตัวคุณคือจ่าฝูง และต้องอาศัยความสม่ำเสมอและวินัยในการฝึก เพียงเท่านี้คุณก็สามารถฝึกให้สุนัขไซบีเรียน ฮัสกี ทำตามคำสั่งได้สำเร็จ ตามที่กล่าวไปข้างต้นว่าสุนัขไซบีเรียน ฮัสกี นั้นมักทำตามสัญชาตญาณของตนเอง การวิ่งไล่เหยื่อ และการหลบหนีออกจากคอกก็รวมเป็นหนึ่งในนั้น ดังนั้นหากคุณต้องการทำคอกให้สุนัขไซบีเรียน ฮัสกี คุณต้องมั่นใจก่อนว่าคอกนั้นแข็งแรงพอ โดยทั่วไปแนะนำให้ใช้รั้วไม้แข็งสูงประมาณ 6 – 8 ฟุต ฝังลงไปใต้ดินอย่างน้อย 2 ฟุต เพื่อป้องกันการขุดโพรงหนี และเมื่อสุนัขไซบีเรียน ฮัสกี ของคุณหนีออกไปได้ รับรองว่าความเสียหายที่ตามมาไม่ใช่เรื่องสนุกอย่างแน่นอน สุนัขไซบีเรียน ฮัสกี ถือเป็นหนึ่งในสายพันธุ์สุนัขที่เก่าแก่ของโลกซึ่งถูกเลี้ยงดูและเพาะพันธุ์โดยชาวชุกชี (Chukchi) ชนเผ่าหนึ่งในไซบีเรีย ประเทศรัสเซีย ที่ปกติจะใช้สุนัขสายพันธุ์นี้ในการลากเลื่อนบนพื้นน้ำแข็ง นอกเหนือจากความสามารถในการลากเลื่อนแล้ว สุนัขไซบีเรียน ฮัสกี ยังมีบทบาทเสมือนสมาชิกครอบครัวด้วยเช่นกัน เนื่องจากชาวชุกชีเลี้ยงพวกเขาไว้เป็นเพื่อน ให้นอนร่วมกับเด็ก ๆ ในบ้านเพื่ออาศัยความอบอุ่นจากขนหนาเหล่านั้น ต่อมาสุนัขไซบีเรียน ฮัสกีได้รับการขึ้นทะเบียนโดย American Kennel Club (AKC) ในปี ค.ศ. 1930 และมีการก่อตั้ง American Husky Club ขึ้นในปี ค.ศ. 1938 อีกทั้งยังถูกขึ้นทะเบียนโดย Canadian Kennel Club ในปี ค.ศ. 1939 โดยในปัจจุบันสุนัขไซบีเรียน ฮัสกี ถือเป็นสายพันธุ์ที่ได้รับความนิยมเป็นอันดับที่ 12 ในประเทศสหรัฐอเมริกา มาตรฐานสายพันธุ์ของไซบีเรียน ฮัสกี สุนัขไซบีเรียน ฮัสกี ถูกจัดเป็นสุนัขพันธุ์ใหญ่ ในประเภทสุนัขเพื่อการใช้งาน (Working dog) มีความสูงเฉลี่ยประมาณ 20 - 23 นิ้ว มีน้ำหนักอยู่ที่ 15 – 30 กิโลกรัม และมีอายุเฉลี่ยอยู่ที่ 12 – 15 ปี โดยพื้นฐานขนมักเป็นสีขาวผสมกับมาร์คกิ้งเฉดสีต่าง ๆ เช่น ดำ เทา เงิน หรือแทน แต่สิ่งที่โดดเด่นอีกอย่างของสุนัขไซบีเรียน ฮัสกี คือสีตา เราอาจพบว่าสุนัขมีตาสีน้ำตาล ฟ้า หรือข้างละสี ด้วยความที่สุนัขไซบีเรียน ฮัสกี เป็นสุนัขขนาดใหญ่ชื่นชอบการออกกำลังกาย แต่ในขณะเดียวกันก็มีปัญหาเรื่องข้อต่อ และโรคภูมิแพ้ ดังนั้นเราจึงควรเลือกอาหารที่มีคุณค่าทางโภชนาการที่สอดคล้องกับความต้องการของสุนัข ดังต่อไปนี้ ดังนั้นผู้เลี้ยงจึงควรเลือกอาหารที่มีคุณค่าโภชนาการที่ครบถ้วนอย่าง PRO PLAN® LARGE ADULT สูตรสุนัขพันธุ์ใหญ่ ที่มีทั้งสูตรสำหรับลูกสุนัข PRO PLAN® LARGE PUPPY ซึ่งมีสารสกัดจากโคลอสตรัมช่วยเสริมภูมิคุ้,https://www.purina.co.th/find-a-pet/dog/breed-library/siberian-husky
dog,สุนัขบูล เทอร์เรียร์,สุนัขบูลเทอร์เรียเป็นสุนัขรูปร่างแข็งแรง อกลึก มีกล้ามเนื้อกำยำชัดเจน ส่วนหัวยาวเป็นรูปไข่ แข็งแรง และมีจมูกโด่ง สีที่พบบ่อยคือ สีขาว และมักมีแต้มสีอื่นบนหัวหรือบางครั้งก็มีที่หลังด้วย นอกจากนี้ยังมีสีดำ ลายเสือ แดง น้ำตาลทองหรือสามสี เมื่อโตเต็มวัยจะสูงประมาณ 45 ซม. และหนัก 33 กก. สุนัขบูลเทอร์เรียเป็นสุนัขที่เป็นมิตรและมีอารมณ์ขัน แต่บางครั้งก็อาจจะดื้อบ้าง จึงไม่เหมาะกับผู้หัดเลี้ยงสุนัขมือใหม่ โดยทั่วไปแล้วสุนัขพันธุ์นี้รักสงบแต่ก็ต้องไม่ลืมว่าสุนัขพันธุ์นี้ถูกพัฒนาสายพันธุ์มาเพื่อให้สู้กับวัวกระทิง ดังนั้นก็อาจสู้กลับเมื่อถูกท้าทาย แต่โดยทั่วไปแล้วจะไม่เป็นฝ่ายก่อเรื่องก่อน ถือว่าเป็นสุนัขที่ใจดีและรักฝูง เพราะฉะนั้นไม่ควรปล่อยให้สุนัขพันธุ์นี้อยู่ตามลำพังนาน ๆ เพราะถ้าบูลเทอร์เรียเกิดอาการเบื่อขึ้นมานั้น ขากรรไกรที่แข็งแรงก็มีพลังทำลายล้างได้สูงมาก สุนัขพันธุ์นี้เกิดจากการผสมข้ามสายพันธุ์ระหว่างบูลด็อกและเทอร์เรียร์ ซึ่งเป็นที่รู้จักว่าเป็นนักสู้ที่ไม่ยอมแพ้ ปัจจุบันสุนัขพันธุ์นี้เป็นที่นิยมในสหราชอาณาจักรและได้รับความนิยมในฐานะสุนัขเฝ้าบ้าน ทั้งนี้สุนัขพันธุ์ “มินิเอเจอร์ บูล เทอร์เรียร์” ที่มีขนาดเล็กกว่าก็มีประวัติยาวนานพอ ๆ กับพันธุ์มาตรฐาน แต่ได้รับการรับรองโดยสมาคมสุนัขแห่งอังกฤษ (British Kennel Club) ในฐานะสุนัขอีกพันธุ์หนึ่งตั้งแต่ปี 1939 อาหารของสุนัขบูล เทอร์เรียร์จำเป็นต้องมีสารอาหารสมดุลครบหมู่ รวมถึงน้ำสะอาดด้วย ควรหมั่นตรวจสอบสภาพร่างกายของสุนัขอย่างสม่ำเสมอเพื่อให้สุนัขมีรูปร่างที่เหมาะสม และต้องให้อาหารอย่างน้อยวันละ 2 มื้อตามคำแนะนำของอาหารสุนัขที่ให้ สุนัขบูล เทอร์เรียร์มักมีภาวะหูหนวก เป็นปัญหาสุขภาพที่พบได้บ่อย โดยเฉพาะบูล เทอร์เรียร์สีขาว แต่สามารถทดสอบภาวะหูหนวกได้ตั้งแต่ยังเป็นลูกสุนัข นอกจากนี้ ยังอาจมีความเสี่ยงเป็นโรคไตที่ถ่ายทอดทางพันธุกรรม โรคหัวใจ และปัญหาผิวหนังค่อนข้างบ่อยด้วยเช่นกัน สุนัขบูล เทอร์เรียร์เป็นสุนัขพลังเยอะที่ต้องพาไปออกกำลังกายสม่ำเสมอ โดยอาจปล่อยให้วิ่งเล่นหรือจูงวิ่งก็ได้ ควรออกกำลังกายอย่างน้อยวันละ 1 ชั่วโมง สุนัขพันธุ์บูล เทอร์เรียร์เหมาะกับเจ้าของหรือครอบครัวที่ต้องการสุนัขที่มีนิสัยเป็นมิตร พลังงานเยอะ และพร้อมเล่นทุกเมื่อโดยไม่มีปุ่ม 'ปิด' เพราะสุนัขพันธุ์นี้ชอบมีส่วนร่วมกับเจ้าของ พร้อมรับมือทุกกิจกรรมแม้ไม่ทันตั้งตัว แต่ระวังอาจเข้ากับสุนัขพันธุ์อื่นไม่ได้ เพราะฉะนั้นเจ้าของควรฝึกให้สุนัขพันธุ์นี้เข้าสังคมตั้งแต่เนิ่น ๆ และเดินโดยใส่สายจูงทุกครั้ง สุนัขสแตฟเฟอร์ดไชร์ บูล เทอร์เรียสามารถอยู่อาศัยได้แทบทุกที่ แต่ควรมีพื้นที่ให้ได้ออกกำลังกายทุกวัน ดังนั้นต้องมั่นใจว่ามีพื้นที่ให้สุนัขได้เดินเล่นแบบที่ไม่มีสุนัขตัวอื่นเดินในที่นั้น ๆ สุนัขสแตฟเฟอร์ดไชร์ บูล เทอร์เรียเป็นสุนัขแสนรู้ที่มีความกระตือรือร้น สามารถทำผลงานในการฝึกได้อย่างโดดเด่น เรียนรู้ได้ทุกสิ่ง ตั้งแต่การรับฟังคำสั่ง การออกกำลังกาย เทคนิคสนุก ๆ ไปจนถึงกีฬาฝึกความว่องไว สุนัขพันธุ์นี้เล่นของเล่นแบบเน้นปฏิสัมพันธ์เก่ง และยังรักการเล่นเกมส์สนุก ๆ กับเจ้าของด้วย แต่ในขณะเดียวกันก็อาจจะไม่สนุกกับการเข้าฝึกเป็นชั้นเรียน เพราะมีสุนัขตัวอื่นอยู่ด้วย หากคุณสามารถหาครูฝึกที่เข้าใจสายพันธุ์ที่ไวต่อสิ่งเร้าพันธุ์นี้ได้ คุณจะประหลาดใจสุด ๆ ว่าทำไมสุนัขของคุณทุ่มเทให้กับการฝึกขนาดนี้ สุนัขพันธุ์นี้ต้องได้รับการฝึกเดินพร้อมสายจูงและสายคล้องตัว และในช่วงอายุน้อยการฝึกให้เข้าสังคมก็สำคัญมาก การฝึกให้เข้าสังคมจะเน้นฝึกให้สุนัขสนใจเฉพาะเจ้าของ ,https://www.purina.co.th/find-a-pet/dog/breed-library/staffordshire-bull-terrier
dog,สุนัขยอร์กเชียร์ เทอร์เรียร์,สุนัขพันธุ์เล็กอย่างยอร์กเชียร์ เทอร์เรียร์นี้เป็นที่รู้จักจากขนที่เป็นลอนหนาเหมือนกับผมของคน สีขนก็ไม่ธรรมดา ด้วยการผสมกันระหว่างสีดำครามเข้มปนเงิน กับสีทองหรือสีน้ำตาลเข้ม เป็นสุนัขที่มีมาด มักเชิดหน้าด้วยความมั่นใจเกินร้อย เพศผู้เมื่อโตเต็มวัยสูงประมาณ 18 - 20 ซม. และหนักไม่เกิน 3.2 กก. สุนัขยอร์กเชียร์ เทอร์เรียร์เป็นสุนัขสายพันธุ์เล็กที่ใจใหญ่ ชอบให้กอด และนอนเบียดขา แต่นาทีต่อมาก็สามารถกระโดดงับสุนัขเพื่อนบ้านได้ เพียงเพื่อบอกว่าถิ่นนี้ใครคุม เพราะยังไงยอร์กเชียร์ก็เป็นสุนัขสายพันธุ์เทอร์เรียร์ ที่หวงและพร้อมปกป้องพื้นที่ของตนอย่างห้าวหาญ เชื่อกันว่าช่างทอผ้าชาวสก็อตพาสุนัขเทอร์เรียร์พันธุ์เล็กไปด้วยขณะอพยพออกจากสก็อตแลนด์ไปยังแคว้นยอร์กเชียร์และแลงคาเชียร์ในช่วงทศวรรษ 1850 “สก็อตเทอร์เรียร์” บางครั้งก็รู้จักกันในชื่อ “ฮาลิแฟกซ์ เทอร์เรียส์” (Halifax Terriers) ซึ่งเกิดจากการผสมกันกับพันธุ์เทอร์เรียร์ท้องถิ่นขนาดเล็ก เชื่อกันว่าสุนัขยอร์กเชียร์ เทอร์เรียร์ มีสายพันธุ์เชื่อมโยงกับแมนเชสเตอร์ เทอร์เรียร์ (Manchester Terrier) มอลทีส (Maltese) สกาย (Skye) แดนดี้ ดินมอนท์ (Dandie Dinmont) และ เพสลีย์ เทอร์เรียร์ (Paisley Terriers) โดยได้เข้าร่วมงานแสดงสุนัขปี 1861 ภายใต้ชื่อสก็อต เทอร์เรียร์ ต่อมาก็เป็นที่รู้จักในนามสายพันธุ์ยอร์กเชียร์ เทอร์เรียร์ และได้รับการยอมรับจากชมรมสุนัขแห่งบริเตน (British Kennel Club) ในปี 1886 สุนัขยอร์กเชียร์ เทอร์เรียร์เป็นสุนัขสายพันธุ์เล็กมีอัตราการเผาผลาญพลังงานสูง ย่อยอาหารได้รวดเร็ว แต่ด้วยกระเพาะอาหารขนาดเล็ก ควรอาหารให้ปริมาณน้อย แต่แบ่งย่อยเป็นหลายมื้อ อาหารของสุนัขพันธุ์เล็กออกแบบมาเป็นพิเศษให้มีสารอาหารสำคัญในปริมาณที่เหมาะสม และมีขนาดเม็ดที่เล็กพอดีกับขนาดปาก ซึ่งช่วยให้เคี้ยวง่าย ส่งผลดีต่อระบบย่อยอาหาร เพื่อสุขภาพที่ดีและแข็งแรง สุนัขยอร์กเชียร์ เทอร์เรียร์ต้องได้ออกกำลังกายทุกวัน สุนัขยอร์กเชียร์ เทอร์เรียร์ชอบเดินและวิ่งเหยาะ ๆ เป็นระยะทางไกลหากเป็นไปได้ แต่การเดินระยะสั้น ๆ ก็ทำให้พอใจแล้ว ตราบใดที่ได้หยุดดมกลิ่นและได้ทำกิจกรรมฝึกสมองบ้าง สุนัขยอร์กเชียร์ เทอร์เรียร์ไม่ได้เป็นสุนัขสไตล์ตัวเล็กขี้อ้อน แต่ชอบวิ่ง กระโดดเก็บของ และเล่น เหมือนกับสุนัขพันธุ์อื่นๆ ดังนั้นหากโตเต็มวัยแล้ว จำเป็นต้องพาไปออกกำลังกายอย่างน้อยวันละครึ่งชั่วโมง ยอร์กเชียร์ เทอร์เรียเหมาะกับเจ้าของที่ต้องการสุนัขขนาดเล็กแต่นิสัยไม่เล็กตามขนาดตัว ไม่ระแคระคายเสียงดังและชอบตัดแต่งขนสุนัข ยอกเชียร์ เทอร์เรียเป็นสุนัขอีกพันธุ์ที่ไม่ชอบถูกทิ้งไว้โดยลำพัง จึงเหมาะกับเจ้าของที่ชอบอยู่บ้าน สุนัขยอร์กเชียร์ เทอร์เรียร์ค่อนข้างอายุยืน แต่เสี่ยงเป็นโรคตา ปัญหาสะบ้าหัวเข่าที่อาจเคลื่อน โรคกระดูกต้นขาบางโรค นิ่วในกระเพาะปัสสาวะ ร่วมกับความผิดปกติของหลอดลมและโรคตับโดยกำเนิด สุนัขยอร์กเชียร์ เทอร์เรียร์รักการใช้ชีวิตในถิ่นชนบทพอ ๆ กับการอาศัยอยู่ในห้องพัก ขอแค่มีพื้นที่นอกบ้านให้ได้วิ่งออกกำลังกายหรือขับถ่ายก็พอแล้ว อย่างไรก็ตามเพื่อนบ้านของคุณอาจไม่ชอบเสียงเห่าของสุนัขพันธุ์นี้เท่าไหร่นัก สุนัขยอร์กเชียร์ เทอร์เรียร์มีความฉลาดแสนรู้อย่างไม่น่าเชื่อ และสามารถเรียนรู้พื้นฐานการออกกำลังกายได้ง่าย ๆ ถึงแม้ว่าจะเชื่อฟังเจ้าของบ้างแค่บางครั้งบางคราว เพราะเสียสมาธิไปกับสิ่งอื่นได้ง่าย ๆ สุนัขยอร์กเชียร์ เทอร์เรียร์ควรได้รับการฝึกให้เดินพร้อมปลอกคอและสายจูงตั้งแต่ยังเล็ก รวมถึงการฝึกให้เข้าสังคมในชั้นเรียนที่มีลูกสุนัขด้วยกัน เพื่อลดความวิตกกังวลเวลาอยู,https://www.purina.co.th/find-a-pet/dog/breed-library/yorkshire-terrier
dog,ลาซา แอพโช,"ลาซา แอพโซ มีจุดเด่นตรงที่เป็นสุนัขขนยาว ตัวเล็กแข็งแรง และถ้าจะให้เทียบความยาวลำตัวกับส่วนสูงแล้วล่ะก็ สุนัขพันธุ์นี้จะตัวยาวมากกว่าส่วนสูงหน่อย ๆ แถมยังมีหลากหลายสีให้เลือก ไม่ว่าจะเป็นสี golden, sandy, honey, dark grizzle, slate, smoke, parti-colour, black, white หรือสี brown สุนัขพันธุ์ลาซา แอพโซ เป็นสุนัขที่มีนิสัยค่อนข้างรักสันโดษ มีความสง่างามและดูมั่นใจ ทำให้สุนัขพันธุ์นี้มีภาพลักษณ์ที่ดูมีภูมิฐาน ในขณะเดียวกันก็เป็นสุนัขที่รักเจ้าของมาก แต่เพียงแค่เจ้าของเท่านั้นแหละ ไม่นับรวมคนแปลกหน้า โดยถ้าต้องเจอกับคนแปลกหน้า สุนัขพันธุ์นี้ก็อาจจะมีท่าที่หวาดระแวงหน่อย ๆ ส่วนในเรื่องของการฝึกสุนัข หากมีความอดทนและความอ่อนไหวมากพอ ก็พอจะฝึกให้อยู่ในระดับสูงได้ เพียงแค่สุนัขพันธุ์นี้จะไม่ค่อยพอใจสักเท่าไหร่ถ้าหากโดนขึ้นเสียง และไม่ค่อยชอบที่จะต้องอยู่ตัวคนเดียว ลาซา แอพโซเป็นหนึ่งในพันธุ์สุนัขเลี้ยงที่เก่าแก่ที่สุดพันธุ์หนึ่ง ซึ่งถูกเลี้ยงโดยพระทิเบตอยู่ภายในอารามสงฆ์มาเป็นระยะเวลาหลายร้อยปี มีประวัติศาสตร์เคียงคู่มากับสุนัขพันธุ์ Tibetan Terrior แต่ในขณะที่ Tibetan Terrior ถูกใช้เป็นสุนัขทำงาน ลาซา แอพโซได้ทำหน้าที่เป็นสุนัขคู่วัด คอยเฝ้าวัดหรืออารามสงฆ์ ซึ่งก็มีการคาดเดาว่าลาซา แอพโซอาจจะมีต้นกำเนิดมาจากสุนัข Tibetan Terrior ไซส์เล็ก ที่มีคนนำมาถวายให้กับพระ และเริ่มมีการเปลี่ยนแปลงไปตามกาลเวลาจนได้เป็นสุนัขพันธุ์ใหม่ขึ้น แต่ก็อย่างที่ได้กล่าวไปว่านี่เป็นเพียงการคาดเดาเท่านั้น โดยพระทิเบตได้ให้ความเคารพเจ้าสุนัขตัวเล็กพันธุ์นี้เป็นอย่างมาก เพราะมีความเชื่อว่าเป็นองค์ลามะผู้ศักสิทธิ์กลับชาติมาเกิด เพราะเหตุนี้จึงได้มีข้อห้ามไม่ให้คนต่างชาติเลี้ยงสุนัขพันธุ์นี้ รวมไปถึงห้ามซื้อขาย ทำได้แค่การมอบสุนัขพันธุ์นี้ให้เป็นของขวัญแก่ผู้อื่นเท่านั้น ซึ่งหากใครได้รับเป็นของขวัญจะถือว่าได้รับเกียรติเป็นอย่างยิ่ง เพราะว่ากันว่าสุนัขพันธุ์นี้จะนำโชคลาภและความมั่งคั่งมาสู่เจ้าของ จนเมื่อช่วงต้นศตวรรษที่ 20 ข้อปฏิบัติที่กล่าวมาก็ไม่เป็นเช่นนั้นอีกต่อไป สุนัขพันธุ์นี้ได้เป็นที่รู้จักในนานาประเทศ และหลังจากนั้นก็ใช้เวลานานอยู่เหมือนกัน กว่าที่จะมาตีตลาดถึงสหราชอาณาจักร โดยทั่วไป ร่างกายของสุนัขตัวเล็กจะมีการเผาผลาญที่รวดเร็วกว่าในสุนัขขนาดอื่น ๆ หมายถึงสุนัขเหล่านี้จะใช้พลังงานไปอย่างรวดเร็ว ในขณะที่การกินอาหาร จะกินได้ทีละน้อยเนื่องจากกระเพาะมีขนาดเล็ก จึงต้องกินทีละน้อย แต่กินบ่อยครั้ง ซึ่งในอาหารสูตรสำหรับสุนัขพันธุ์เล็กจะมีการคำนวนปริมาณสารอาหารให้เหมาะสม และออกแบบลักษณะเม็ดอาหารให้มีขนาดเล็ก ล้อไปกับขนาดปากของสุนัขที่เล็กเช่นกัน ทำให้สุนัขกินได้ง่ายและย่อยได้ง่าย ลาซา แอพโซที่โตเต็มวัยจะต้องการการออกกำลังกาย อย่างน้อยวันละ 30 นาที ร่วมกับกิจกรรมอื่น ๆ เช่น เล่นเกม ของเล่น และเล่นกับเจ้าของ สุนัขพันธุ์นี้เป็นสุนัขพลังเยอะ แต่ก็เพียงพอใจกับการได้เล่นไปเรื่อย ๆ ในพื้นที่บ้าน โดยสิ่งที่ลาซา แอพโซชอบก็คือการได้เดินในระยะทางสั้น ๆ ทุก ๆ วัน แต่ที่ชอบเลยจริง ๆ คือการได้เดินติดตามเจ้าของไปทุกที่ เจ้าของลาซา แอพโซในอุดมคติจะต้องเข้าใจว่าภายใต้ขนหนานี้ก็คือสุนัขตัวหนึ่งที่ควรได้รับการฝึก รวมไปถึงการออกกำลังกายอย่างสม่ำเสมอ เช่นเดียวกันกับในสุนัขพันธุ์อื่น แต่เรื่องการดูแลขนของสุนัขพันธุ์นี้อาจจะต้องดูแลมากกว่าปกติหน่อย อย่างการแปรงขนทุกวัน การแต่งขนให้ยาวพอเหมาะอยู่เสมอ เพราะลักษณะขนของสุนัขพันธุ์นี้เกาะตัวเป็นสังคะตังได้ง่าย นอกจากนี้สุนัขพันธุ์นี้ยังเหมาะกับบ้านที่ไม่มีเด",https://www.purina.co.th/find-a-pet/dog/breed-library/lhasa-apso
dog,บอร์ซอย,ปฏิเสธไม่ได้เลยทีเดียวว่า “บอร์ซอย” คือสายพันธุ์สุนัขผู้ดูสูงส่ง ด้วยลักษณะท่าทางอันงดงาม ใบหน้าอันเรียวยาว พร้อมทั้งขนนุ่มสลวยหลากหลายสีสัน ยกเว้นสีเมิร์ลหรือสีลายหินอ่อน ความยาวระดับปานกลาง ลักษณะเป็นคลื่นสวย และทิ้งตัวในช่วงท้ายของลำตัวและหาง สะกดสายตาเหล่าคนรักสุนัขให้หลงรักและทำให้ผู้คนสามารถจดจำพวกเขาได้ตั้งแต่แรกเห็น หากพูดถึงลักษณะนิสัย “บอร์ซอย” นับเป็นหนึ่งในสุนัขที่มีความเรียบร้อยและอัธยาศัยดี เหมาะแก่การเลี้ยงเพื่อเป็นสมาชิกของครอบครัว นอกจากนี้ถึงแม้พวกเขาจะตัวใหญ่ แต่กลับต้องการพื้นที่อยู่อาศัยเพียงน้อยนิด (เมื่อเทียบกับขนาดตัว) หากใครกำลังกังวลว่าพวกเขาจะต้องการพื้นที่อยู่อาศัยกว้าง ๆ ขอบอกเลยว่าไม่ต้องกังวล ! นอกจากนี้พวกเขายังไม่ได้ดูภูมิฐานแค่รูปลักษณ์ภายนอก แต่ลักษณะนิสัยเองก็เช่นกัน เพราะสุนัขพันธุ์นี้มักวางท่าเมินเฉยและไม่สนใจคนแปลกหน้า แต่กลับแสดงออกความรักเฉพาะกับสมาชิกในครอบครัว และในบางครั้งก็มีอารมณ์ขี้เล่น สอดแทรกอารมณ์ขันเป็นบางครั้ง นับเป็นเสน่ห์เฉพาะตัวที่เหล่าคนรักสุนัขกลุ่ม Sighthound หลงไหลเลยล่ะ ถึงแม้สุนัขพันธุ์บอร์ซอยจะไม่นับเป็นสุนัขเฝ้าบ้านเหมือนสายพันธุ์อื่น ๆ แต่หากมีสิ่งแปลกปลอมหรือเหตุการณ์ไม่ชอบมาพากลพวกเขาก็จะส่งเสียงเห่าเพื่อช่วยเตือนภัยแก่เจ้าของ ทั้งนี้ด้วยความที่พวกเขาเป็นสุนัขในกลุ่ม Sighthound ซึ่งชื่นชอบการวิ่งไล่หรือวิ่งกวดเหยื่อเป็นชีวิตจิตใจ ดังนั้นเจ้าของควรระมัดระวังและใส่ใจดูแลพฤติกรรมนี้ของพวกเขาให้ดี (ระวังจะเกิดอุบัติเหตุขึ้นได้โดยไม่รู้ตัว !) เช่นเดียวกับสุนัขหลากหลายสายพันธุ์ ประวัติความเป็นมาของบอร์ซอยยังคงเป็นที่ถกเถียงกันในวงนักวิชาการ อย่างไรก็ตามเชื่อว่าสุนัขพันธุ์บอร์ซอยกำเนิดมาจากบรรพบุรุษในกลุ่ม Greyhound จากยุคอียิปต์โบราณซึ่งผสมข้ามสายพันธุ์กับสุนัขเลี้ยงสัตว์จากประเทศรัสเซียตอนเหนือและก่อกำเนิดเป็นสุนัขพันธุ์บอร์ซอยในท้ายที่สุด นับตั้งแต่ยุคศตวรรษที่ 16 เป็นต้นมา สุนัขพันธุ์บอร์ซอยได้รับการฝึกและขัดเกลาให้เป็นสุดยอดนักล่าสุนัขป่าเพื่อทำหน้าที่ล่าและช่วยให้นักล่ากำจัดเหยื่อของเขาได้อย่างราบรื่น สุนัขพันธุ์บอร์ซอยนับเป็นที่ต้องตาและถูกอกถูกใจกษัตริย์แห่งรัสเซียเป็นอย่างมาก จนถึงขั้นที่พระองค์ทรงพระราชทานสุนัขพันธุ์นี้ให้เป็นของขวัญแก่ขุนนางทั่วยุโรป ซึ่งกาลนี้เองส่งผลให้สุนัขพันธุ์บอร์ซอยรอดพ้นช่วงปฏิบัติรัสเซียในปี 1917 และอยู่รอดมาได้จนถึงปัจจุบัน เนื่องจากเป็นสุนัขสายพันธุ์ใหญ่ บอร์ซอยจึงมีความต้องการในการกินอาหารที่ค่อนข้างมาก อาหารที่ได้ควรมีความหลากหลายทางโภชนาการ อุดมไปด้วยแร่ธาตุและวิตามิน ซึ่งมีความแตกต่างจากสุนัขพันธุ์เล็กพอสมควร ทั้งนี้สุนัขพันธุ์บอร์ซอยมักมีปัญหาเรื่องท้องอืดและปัญหาเกี่ยวกับการย่อย ซึ่งเจ้าของสามารถป้องกันได้ด้วยการให้อาหารมื้อเล็ก ๆ ทีละน้อย ๆ แต่ให้บ่อยครั้ง แทนการให้อาหารมื้อเดียวในปริมาณมาก สุนัขพันธุ์บอร์ซอยที่โตเต็มวัยนั้นชื่นชอบการออกกำลังกายเป็นอย่างมาก การพาพวกเขาไปเดินเล่นสัก 1 ชั่วโมงหรือมากกว่านั้นนับเป็นสวรรค์สำหรับพวกเขาเลยทีเดียว และจะเป็นการดีอย่างมากหากคุณปล่อยให้พวกเขาได้วิ่งเล่นอย่างอิสระท่ามกลางทุ่งหญ้าอันกว้างใหญ่ เช่นกันกับสุนัขพันธุ์บอร์ซอยวัยเด็กที่ชื่นชอบการออกกำลังกายเช่นกัน แต่อาจจะไม่หนักเท่าช่วงโตเต็มวัย โดยคุณอาจปล่อยให้พวกเขาได้เดินเล่นเป็นระยะทางสั้น ๆ และหมั่นคอยเล่นกับพวกเขาอย่างสม่ำเสมอเพื่อป้องกันพวกเขาเบื่อนั่นเอง ที่สำคัญอย่าลืมว่าสุนัขในกลุ่ม sighthound นั้นมีสัญชาตญาณอันน่าทึ่ง เพียงแค่การเคลื่อนไหวเพียงเล็ก,https://www.purina.co.th/find-a-pet/dog/breed-library/borzoi
dog,ซามอยด์,"เป็นสุนัขที่ไม่ว่าใครก็จะต้องตกหลุมรักไปกับความฉลาดแสนรู้ ความซื่อสัตว์ และความอ่อนโยน อันเป็นนิสัยประจำพันธุ์ของสุนัขพันธุ์นี้ อีกทั้งยังเป็นมิตรกับผู้คนทุกเพศทุกวัย ทำให้สุนัขพันธุ์นี้สามารถมัดใจเหล่าสมาชิกในบ้าน ไม่ว่าเด็กหรือผู้ใหญ่ได้ไม่ยาก ใครก็ตามที่ตามหาเพื่อนคู่ใจผู้น่ารักและเป็นมิตร เจ้าซามอยด์นี่แหละคือคำตอบ และคงจะดี ถ้าหากมนุษย์เพื่อนคู่ใจของเจ้าซามอยด์ เป็นสายติดบ้านเหมือนกัน ชอบอากาศเย็นเหมือน ๆ กัน และไม่ถือสาเรื่องขนสีขาวของซามอยด์ที่จะติดตามไปทุกที่ทั่วบ้านทั่วตัว สุนัขพันธุ์ซามอยด์มาพร้อมกับหน้าตาที่ไม่ว่าใครเห็นก็ต้องตกหลุมรัก เป็นหนึ่งในสุนัขกลุ่ม spitz ขนาดกลาง-ใหญ่ คือมีลักษณะหูตั้งชี้ มีหางม้วนเป็นวงโค้งมาทางด้านหลัง และถ้าพูดถึงขน อันเป็นจุดเด่นของสุนัขพันธุ์นี้ คือจะมีขนหนา ชนิดที่ว่าอยู่ในสภาพอากาศหนาวได้สบาย ๆ บวกกับรูปเท้าที่เป็นทรงแบน มีขนเท้าอัดแน่น จนดูคล้ายว่าเป็นรองเท้าลุยหิมะ ทำให้หิมะไม่สามารถซอกซอนตามซอกนิ้วของสุนัขพันธุ์นี้ได้เลย และสุดท้ายที่เป็นลักษณะเด่นอีกอย่างหนึ่งเลยคือ สี สุนัขพันธุ์นี้จะมีอยู่ 3 สีด้วยกัน ได้แก่ สี white, white and biscuit และ cream white ทำให้มีภาพลักษณ์ที่ดูสะอาดและเรียบร้อย นิสัยโดยทั่วไปของสุนัขพันธุ์ซามอยด์คือ น่ารักเป็นมิตร เข้ากับผู้อื่นได้ง่าย และรักเจ้าของมาก อีกทั้งยังสามารถปกป้องบ้านจากผู้บุกรุกได้ ถึงแม้ว่าอาจจะไม่ค่อยทำอะไรอย่างอื่นนอกจากการส่งเสียงเตือนสมาชิกในบ้านก็ตาม สุนัขพันธุ์นี้ชอบที่จะมีส่วนร่วมกับทุกกิจกรรมครอบครัว โดยถ้าหากถูกปล่อยให้อยู่คนเดียวนานเกินไปหรือรู้สึกเบื่อ ก็อาจจะทำลายข้าวของหรือส่งเสียงร้องก็เป็นได้ ซึ่งนอกจากจะเป็นนักร้องยามเบื่อแล้ว ยังเป็นนักขุดสวนและจอมหลบหนีอีกด้วย สวนหลังบ้านที่ปลอดภัย มีรั้วรอบขอบชิด จึงเป็นสิ่งที่ขาดไปไม่ได้เลย ยิ่งไปกว่านั้นคือหากที่บ้านมีสัตว์เลี้ยงชนิดอื่นอยู่ด้วย ก็ควรที่จะแนะนำให้รู้จักกันตั้งแต่ยังเด็ก ๆ เพื่อที่จะได้เข้ากันได้ดียิ่งขึ้น เป็นที่รู้จักกันดีในนาม “หมาหน้ายิ้ม” และ “สุนัขต้อนเรนเดียร์” ในสมัยโบราณ สุนัขพันธุ์ซามอยด์ทำหน้าที่เป็นสุนัขต้อนฝูงเรนเดียร์ โดยได้ชื่อ “ซามอยด์” มาจากชนเผ่าที่สุนัขพันธุ์นี้ได้ร่วมช่วยงานเคียงบ่าเคียงไหล่กันมา คือชาวซามอยด์แห่งไซบีเรียตอนเหนือ ถึงแม้ว่าโดยส่วนใหญ่จะได้ทำหน้าที่เป็นสุนัขต้อนฝูงสัตว์ แต่แท้จริงแล้วเจ้าสุนัขพันธุ์ซามอยด์ทำอะไรได้มากกว่าที่คิด ทั้งลากเลื่อน ต้อนฝูงสัตว์ปศุสัตว์ และในบางครั้งยังได้ใช้ขนจากสุนัขพันธุ์นี้เพื่อทำเป็นเครื่องนุ่งห่ม สร้างความอบอุ่นเมื่อยามตกอยู่ในสภาพอากาศอันโหดร้าย สุนัขพันธุ์นี้ใช้ชีวิตอยู่ใกล้ชิดกับคนในชนเผ่าอย่างมาก เรียกได้ว่าได้ใช้ห้องนอนร่วมกับผู้คนในชนเผ่าเลยทีเดียว เพราะเช่นนี้เลยได้อยู่ตัวติดกับผู้คนตลอดเวลา เป็นทั้ง “เพื่อนคู่ใจ” รวมไปถึง “ถุงอุ่น” ของคนในสมัยนั้น จนในช่วงปลายศตวรรษที่ 19 สุนัขพันธุ์ซามอยด์ก็ได้ไปจุดประกายความสนใจของนักสำรวจเข้า ทั้งในด้านพละกำลังและความอึด เฉกเช่นเดียวกันกับในสุนัขกลุ่ม working dogs จึงได้ทำงานในฐานะสุนัขลากเลื่อนในช่วงต้นของการสำรวจขั้วโลก และเมื่อจบภารกิจก็ได้ติดตามคณะนักสำรวจกลับมายังประเทศอังกฤษ ด้วยลักษณะที่ดูสวยงามและความร่าเริงของสุนัขพันธุ์นี้ จึงได้รับความสนใจและความนิยมจากผู้คนได้ไม่ยาก และความนิยมนั้นก็ยังคงอยู่มาจนถึงปัจจุบัน รวมถึงเฉดสีขนที่มีเพียงสีขาวบริสุทธิ์และซามอยด์สีขาวในเฉดต่าง ๆ ก็ยังคงถูกสืบทอดมาจนถึงปัจจุบัน เมื่อตัวใหญ่ก็ต้องกินเยอะไปตามขนาดตัว เลยอาจได้สารอาหารหลากหลายจ",https://www.purina.co.th/find-a-pet/dog/breed-library/samoyed
dog,แจ็ค รัสเซลล์ เทอร์เรีย,"ถ้าว่าด้วยเรื่องสุนัขเทอร์เรียชนิดนี้ จริง ๆ แล้วถือว่ามีสองสายพันธุ์รัสเซลเทอร์เรียที่ใกล้เคียงกันอยู่ คือ แจ็ค รัสเซลล์ เทอร์เรีย และ พาร์สัน รัสเซลล์ เทอร์เรีย (Parson Russell Terrier) แต่ชื่อที่เราคุ้นหูมากที่สุดค้นไม่พ้น เจ้าแจ็ค รัสเซลล์ สุนัขไซส์กะทัดรัด ตัวแน่น ที่มาพร้อมกับความร่าเริงและความกระฉับกระเฉง เจ้าเทอร์เรียสายพันธุ์นี้มีส่วนสูงเพียงแค่ 10-14 นิ้ว โดยวัดจากหัวไหล่ถึงพื้นเท่านั้น (หรือในบางตัวอาจจะตัวเล็กได้มากกว่านั้น) ซึ่งขนของสุนัขพันธุ์นี้ก็มีได้หลากหลายรูปแบบ ไม่ว่าจะเป็นขนเส้นตรง ขนหยอง ไปจนถึงขนหยิก อีกทั้งยังมีสีหลากหลาย ซึ่งโดยส่วนใหญ่จะเป็นพื้นขนสี white พร้อมแต้มขนสี black, สี tan หรือสีผสม ถ้าว่าด้วยเรื่องนิสัยแล้ว จะบอกว่าเนื้อในของสุนัขพันธุ์นี้ คือ “หมาใหญ่” ในร่าง “หมาเล็ก” ก็ไม่ปาน และด้วยนิสัยแบบ “หมาใหญ่” โดยธรรมชาติ ไม่ว่าจะเป็นการกระพริบตาปิ๊ง ๆ หรือการสะบัดหางไปมาก็ตามที เป็นสิ่งที่ทำให้เจ้าแจ็ค รัสเซลล์สามารถยืนหยัดบนโลกใบนี้ได้อย่างมีความสุข สุนัขพันธุ์นี้ยังการันตีความเป็นมิตรกับผู้คน ไม่ว่าใครอยู่ด้วยก็จะต้องรู้สึกสนุกและเต็มไปด้วยเสียงหัวเราะ แถมยังแฝงไปด้วยความทะเล้นและความเจ้าเล่ห์นิด ๆ ในขณะที่เราเผลอ เจ้าแจ็ค รัสเซลล์อาจจะแอบชิมขนมที่เราเผลอวางทิ้งไว้ แล้วจู่ ๆ ก็เปลี่ยนไปเล่นซากหนูจากสวนหลังบ้าน แล้วคาบกลับมาให้เราดู แล้วก็กลับมาแอบขโมยขนมเราใหม่ได้อีกครั้งในเสี้ยววินาที เป็นสุนัขหน้าซื่อที่คิดอะไรไว ทำอะไรไวจริง ๆ โดยทั่วไป สุนัขแจ็ค รัสเซลล์ไม่ใช่สุนัขที่จะสามารถทนกับความจุกจิกรุงรังหนัก ๆ ได้ และก็ไม่ได้เป็นสุนัขที่มีความยับยั้งชั่งใจมากนัก เพราะฉะนั้นสมาชิกครอบครัวที่จะอยู่ร่วมกับแจ็คคงต้องทำการบ้านในส่วนนี้เยอะสักหน่อย เพื่อที่จะสร้างสภาวะให้เหมาะสมกับความต้องการของสุนัขพันธุ์นี้ อย่างการเลี้ยงแมวร่วมกับแจ็ค รัสเซลล์ก็อาจจะไม่ค่อยปลอดภัยสักเท่าไหร่ (และโดยเฉพาะอย่างยิ่ง กับแมวที่สุนัขไม่คุ้นเคย ถึงแม้ว่าในบางตัวอาจจะปรับตัวได้และแยกกันอยู่ในที่สุด) และยิ่งไปกว่านั้นคือ การเลี้ยงร่วมกับสัตว์เลี้ยงตัวเล็ก ๆ ก็อาจจะเป็นอะไรที่ไม่ปลอดภัยแบบสุด ๆ ในปัจจุบันสุนัขเทอร์เรียที่มีลักษณะนี้ได้ถูกแบ่งออกเป็น 2 สายพันธุ์ โดยอ้างอิงจากการลงทะเบียนพันธุ์ของ Kennel Club ได้แก่ แจ็ค รัสเซลล์ เทอร์เรีย และ พาร์สัน รัสเซลล์ เทอร์เรีย โดยความแตกต่างของสุนัขทั้ง 2 พันธุ์นี้มีเพียงเล็กน้อยเท่านั้น คือ สุนัขแจ็ค รัสเซลล์ เทอร์เรีย จะมีส่วนสูงน้อยกว่าและมีความกระฉับกระเฉงน้อยกว่า สุนัขพาร์สัน รัสเซลล์ เทอร์เรีย เล็กน้อย สุนัขแจ็ค รัสเซลล์ เทอร์เรีย ถือว่าเป็นพันธุ์ที่ถูกจัดระเบียบและวางมาตรฐานพันธุ์มาก่อนกาล ยาวนานกว่า 200 ปี และทุกวันนี้ก็ยังคงเป็นเช่นนั้น เพียงแต่ก็ไม่แน่ใจเช่นกันว่า คุณ John Russell ผู้มีสมญา “Sporting Reverend” จะนับสุนัขที่ได้ชื่อว่าเป็น “แจ็ค รัสเซลล์” ในทุกวันนี้ ว่าเป็นแจ็ค รัสเซลล์ เทอร์เรีย หรือไม่ โดยเป้าหมายตั้งต้นของ Rev. John Russel คือต้องการสุนัขเทอร์เรียที่สามารถทำหน้าที่วิ่งไล่สุนัขจิ้งจอกได้โดยที่ไม่ฆ่า รวมถึงสามารถวิ่งตามม้าได้ทัน โดยไม่ต้องตามอุ้มสุนัขไว้บนอานขณะขี่ม้า และเฉกเช่นเดียวกันกับที่เหล่านักปรับปรุงพันธุ์สุนัขจะคิด คือ Rev. John Russel ได้เล็งเห็นอีกว่าควรจะใช้สุนัขที่มีพื้นขนสีขาว เพื่อที่จะได้จำแนกออกจากสัตว์ที่ถูกล่าได้อย่างชัดเจน ป้องกันการสับสนกับเหยื่อแล้วเกิดอุบัติเหตุยิงผิด โดยแทนที่จะวิ่งไล่สุนัขจิ้งจอกออกจากรัง เพื่อให้มาเป็นเป้าของสุนัขล่าเนื้อหรือลูกกระสุน ส",https://www.purina.co.th/find-a-pet/dog/breed-library/jack-russell
dog,เวลช์ คอร์กี้ (เพ็มโบรค),เป็นที่รู้จักกันดีถึงขนาดที่กะทัดรัด ยืนสี่เท้าด้วยความมั่นคง พร้อมกับลำตัวใกล้ชิดผืนดิน เป็นจุดเด่นของสุนัขพันธุ์เพ็มโบรค เวลช์ คอร์กี้ ที่ดึงดูดผู้คนด้วยหน้าตาละม้ายคล้ายสุนัขจิ้งจอก มาพร้อมกับขนเส้นตรง ไม่สั้นไม่ยาวจนเกินไป เรียงตัวกันแน่น โดยไม่มีขนอ่อนหรือขนหยิกเข้ามาแทรกเลย สุนัขพันธุ์เพ็มโบรค เวลช์ คอร์กี้ เป็นสุนัขที่รักเจ้าของมาก จนในบางครั้งถ้าเป็นคนอื่นนอกจากเจ้าของแล้วก็อาจจะไม่สนใจไปเลย แต่นิสัยโดยรวมก็เป็นสุนัขที่ค่อนข้างเชื่องและตื่นตัวอยู่เสมอ มาพร้อมกับขนาดตัวเล็ก ซึ่งจริง ๆ แล้วดูเหมือนจะเป็นสุนัขตัวใหญ่ที่ขาสั้นมากกว่าที่จะเป็นสุนัขพันธุ์เล็ก เป็นสุนัขที่มีความกล้า น่ารักเป็นมิตร เข้ากับผู้อื่นได้ง่าย รักเจ้าของมาก และยังทำหน้าที่เฝ้าบ้านได้อย่างดีเยี่ยม อีกทั้งยังชอบที่จะได้เล่นกับสมาชิกในครอบครัว ซึ่งคงจะดีหากมีกิจกรรมให้สุนัขพันธุ์นี้ได้เล่นด้วยกันบ่อย ๆ และจุดสำคัญที่ลืมไปไม่ได้เลยคือสุนัขเพ็มโบรค เวลช์ คอร์กี้ เป็นสุนัขที่มีเชื้อสายมาจากสุนัขต้อนฝูงสัตว์ และด้วยจิตวิญญาณนั้นของเจ้าคอร์กี้ก็เลยอาจจะอยากต้อนฝูงคนและฝูงเด็กไปด้วยเหมือนกัน เพ็มโบรค เวลช์ คอร์กี้ มีชื่อเสียงโด่งดังจากการเป็นสุนัขทรงเลี้ยงของพระราชีนีเอลิซาเบธที่ 2 แห่งสหราชอาณาจักรมาอย่างยาวนาน อีกทั้งยังเป็นที่รู้จักในฐานะสุนัขต้อนฝูงวัว โดยเชื่อว่าเริ่มแรกนั้น สุนัขเพ็มโบรค เวลช์ คอร์กี้ ถูกพาเข้ามาสู่เวลส์ โดยช่างทอผ้าชาวเฟลมิช ทำงานเป็นสุนัขต้อนฝูงวัวขนาดเล็กจากที่หนึ่งไปสู่ที่หนึ่ง ซึ่งไม่ใช่แค่ระยะสั้น ๆ แต่อาจใช้ระยะเวลาเป็นวันในการเดินทาง ซึ่งถ้าไม่แข็งแกร่งจริงก็คงจะทำงานนี้ไม่ได้ แต่เจ้าเพ็มโบรค เวลช์ คอร์กี้ก็ทำมาแล้ว นอกจากนี้เมื่อก่อนผู้คนเชื่อว่าสุนัขคอร์กี้มีอยู่เพียงคอร์กี้ชนิดเดียว แต่เพิ่งมีการแยกเป็นพันธุ์เพ็มโบรค คอร์กี้ และพันธุ์แคนาเดียน คอร์กี้ เมื่อปี 1934 การจัดการอาหารให้กับสุนัขควรมีการควบคุมระดับของพลังงานและสารอาหารให้เหมาะสมต่อความต้องการ ควบคู่ไปกับการวางน้ำสะอาดให้พร้อมดื่มได้ทั้งวัน นอกจากนี้ควรประเมินรูปร่างและหุ่นของสุนัขเป็นประจำ เพื่อให้สุนัขมีหุ่นที่ดี ไม่อ้วนหรือผอมจนเกินไป โดยการให้อาหารสุนัขพันธุ์คอร์กี้ ควรแบ่งให้อย่างน้อยวันละ 2 ครั้ง ทั้งนี้สามารถดูปริมาณการให้ตามคำแนะนำของผลิตภัณฑ์ที่สุนัขกินอยู่ ด้วยความที่สุนัขพันธุ์นี้ถูกคัดเลือกพันธุ์มาเพื่อการเดินทางไกลไล่ต้อนฝูงสัตว์ ดังนั้นคอร์กี้จึงมีพละกำลังมหาศาล ขนาดที่ว่าปริมาณการออกกำลังกายต่อวันของสุนัขพันธุ์นี้ไม่ควรต่ำกว่าวันละ 1 ชั่วโมง แต่ถ้าจะให้ดีเลยก็คือควรมากกว่านั้น และคอร์กี้ยังต้องการที่จะไล่ต้อนบางสิ่งอยู่เสมอ แต่ถ้าจะให้หาวัวมาเพื่อให้เจ้าคอร์กี้ไล่ต้อนก็คงจะยากเกินไป คุณสามารถเลือกใช้ลูกบอลขนาดใหญ่ “Treiball” or “sheep ball” ทดแทนฝูงสัตว์ให้สุนัขพันธุ์นี้วิ่งต้อนได้ อย่างไรก็ดีคอร์กี้อาจไม่ใช่สุนัขที่เหมาะจะเป็นคู่หูกับเจ้าของนักวิ่ง แต่ก็สามารถเป็นคู่ใจนักเดินทางไกลได้ดีเลยทีเดียว เจ้าของในอุดมคติของสุนัขพันธุ์เพ็มโบรค คือเจ้าของที่มีความเข้าใจในนิสัยและพฤติกรรมของสุนัขต้อนฝูงสัตว์ โดยเฉพาะสุนัขต้อนฝูงที่ทำหน้าที่ได้อย่างรอบด้านอย่างเจ้าคอร์กี้ เพื่อที่สุนัขจะได้อยู่ด้วยอย่างสบายใจ ควรมีกิจกรรมบางอย่างให้สุนัขได้ทำสม่ำเสมอ เพราะด้วยจิตวิญญาณของสุนัขต้อนฝูงวัวของเจ้าคอร์กี้แล้ว หากไม่มีอะไรทำก็อาจจะไปทำหน้าที่ต้อนฝูงคนหรือฝูงเด็กแทน ซึ่งถ้าเราไม่เชื่อฟังนักต้อนฝูงผู้นี้ล่ะก็เราอาจจะได้รอยขบกัดประทับที่ข้อเท้าของเราก็เป็นได้ โดยทั่วไป สุนัขเพ็มโบรค เวลช์ คอ,https://www.purina.co.th/find-a-pet/dog/breed-library/welsh-corgi
